ID,Manzana,Lote,Superficie,Estado,Cuota,Total,Descuento,Contado,Entrega ,
"001-RESIDENCIAL ALTO PARAISO
",,,,,,,,,,
1-1-1,1,1,734.25,Vendido,,0,0.5,0,,1
1-1-2,1,2,525.66,Vendido,,0,0.5,0,,1
1-1-3,1,3,525.66,Vendido,,0,0.5,0,,1
1-2-1,2,1,423.88,Vendido,,0,0.5,0,,1
1-2-2,2,2,426.39,Vendido,,0,0.5,0,,1
1-2-3,2,3,413.34,Vendido,,0,0.5,0,,1
1-2-4,2,4,369.04,Vendido,,0,0.5,0,,1
1-2-5,2,5,366.77,Vendido,,0,0.5,0,,1
1-3-1,3,1,433.79,Vendido,,0,0.5,0,,1
1-3-2,3,2,434.07,Vendido,,0,0.5,0,,1
1-3-3,3,3,433.27,Vendido,,0,0.5,0,,1
1-3-4,3,4,402.29,Vendido,,0,0.5,0,,1
1-3-5,3,5,386.64,Vendido,,0,0.5,0,,1
1-4-1,4,1,360.3,Vendido,,0,0.5,0,,1
1-4-2,4,2,360.2,Vendido,,0,0.5,0,,1
1-4-3,4,3,360.38,Vendido,,0,0.5,0,,1
1-4-4,4,4,361.98,Vendido,,0,0.5,0,,1
1-4-5,4,5,364.07,Vendido,,0,0.5,0,,1
1-4-6,4,6,361.17,Vendido,,0,0.5,0,,1
,,,,,,0,,,,
"002-DOÑA GUILLERMINA
",,,,,,,,,,
2-1-1,1,1,362.34,Libre,520000,67600000,0.5,33800000,,2
2-1-2,1,2,362.34,Libre,520000,67600000,0.5,33800000,,2
2-1-3,1,3,362.48,Vendido,,0,0.5,0,,2
2-1-4,1,4,362.48,Vendido,,0,0.5,0,,2
2-10-1,10,1,362.34,Libre,340000,44200000,0.5,22100000,,2
2-10-2,10,2,362.34,Vendido,,0,0.5,0,,2
2-10-3,10,3,362.34,Libre,320000,41600000,0.5,20800000,,2
2-10-4,10,4,362.34,Libre,320000,41600000,0.5,20800000,,2
2-10-5,10,5,362.34,Vendido,,0,0.5,0,,2
2-10-6,10,6,362.34,Vendido,,0,0.5,0,,2
2-10-7,10,7,362.34,Vendido,,0,0.5,0,,2
2-10-8,10,8,362.34,Libre,330000,42900000,0.5,21450000,,2
2-11-1,11,1,362.34,Vendido,,0,0.5,0,,2
2-11-2,11,2,362.34,Vendido,,0,0.5,0,,2
2-11-3,11,3,362.34,Vendido,,0,0.5,0,,2
2-11-4,11,4,362.34,Vendido,,0,0.5,0,,2
2-11-5,11,5,362.34,Vendido,,0,0.5,0,,2
2-11-6,11,6,362.34,Vendido,,0,0.5,0,,2
2-11-7,11,7,362.34,Vendido,,0,0.5,0,,2
2-11-8,11,8,362.34,Vendido,,0,0.5,0,,2
2-12-1,12,1,362.34,Vendido,,0,0.5,0,,2
2-12-2,12,2,362.34,Vendido,,0,0.5,0,,2
2-12-3,12,3,362.34,Vendido,,0,0.5,0,,2
2-12-4,12,4,362.34,Cancelado,,0,0.5,0,,2
2-12-5,12,5,362.34,Cancelado,,0,0.5,0,,2
2-12-6,12,6,362.34,Cancelado,,0,0.5,0,,2
2-12-7,12,7,362.34,Cancelado,,0,0.5,0,,2
2-12-8,12,8,362.34,Vendido,,0,0.5,0,,2
2-13-1,13,1,465.08,Libre,290000,37700000,0.5,18850000,,2
2-13-2,13,2,470.24,Vendido,,0,0.5,0,,2
2-13-3,13,3,363.75,Vendido,,0,0.5,0,,2
2-14-1,14,1,407.85,Vendido,,0,0.5,0,,2
2-14-2,14,2,407.85,Vendido,,0,0.5,0,,2
2-14-3,14,3,407.85,Vendido,,0,0.5,0,,2
2-14-4,14,4,407.85,Vendido,,0,0.5,0,,2
2-14-5,14,5,407.85,Vendido,,0,0.5,0,,2
2-14-6,14,6,407.85,Vendido,,0,0.5,0,,2
2-14-7,14,7,407.85,Vendido,,0,0.5,0,,2
2-14-8,14,8,543.46,Vendido,,0,0.5,0,,2
2-15-1,15,1,407.85,Vendido,,0,0.5,0,,2
2-15-10,15,10,407.85,Vendido,,0,0.5,0,,2
2-15-11,15,11,407.85,Vendido,,0,0.5,0,,2
2-15-2,15,2,407.85,Vendido,,0,0.5,0,,2
2-15-3,15,3,407.85,Vendido,,0,0.5,0,,2
2-15-4,15,4,407.85,Vendido,,0,0.5,0,,2
2-15-5,15,5,407.85,Vendido,,0,0.5,0,,2
2-15-6,15,6,407.85,Vendido,,0,0.5,0,,2
2-15-7,15,7,407.85,Vendido,,0,0.5,0,,2
2-15-8,15,8,407.85,Vendido,,0,0.5,0,,2
2-15-9,15,9,407.85,Vendido,,0,0.5,0,,2
2-16-1,16,1,407.85,Vendido,,0,0.5,0,,2
2-16-10,16,10,407.85,Vendido,,0,0.5,0,,2
2-16-11,16,11,407.85,Vendido,,0,0.5,0,,2
2-16-2,16,2,407.85,Vendido,,0,0.5,0,,2
2-16-3,16,3,407.85,Vendido,,0,0.5,0,,2
2-16-4,16,4,407.85,Vendido,,0,0.5,0,,2
2-16-5,16,5,407.85,Vendido,,0,0.5,0,,2
2-16-6,16,6,407.85,Vendido,,0,0.5,0,,2
2-16-7,16,7,407.85,Vendido,,0,0.5,0,,2
2-16-8,16,8,407.85,Vendido,,0,0.5,0,,2
2-16-9,16,9,407.85,Vendido,,0,0.5,0,,2
2-17-1,17,1,4825.95,Plaza,,0,0.5,0,,2
2-17-2,17,2,2175.07,Edificio Publico,,0,0.5,0,,2
2-18-1,18,1,407.85,Vendido,,0,0.5,0,,2
2-18-10,18,10,407.85,Vendido,,0,0.5,0,,2
2-18-11,18,11,407.85,Vendido,,0,0.5,0,,2
2-18-2,18,2,407.85,Vendido,,0,0.5,0,,2
2-18-3,18,3,407.85,Vendido,,0,0.5,0,,2
2-18-4,18,4,,Vendido,,0,0.5,0,,2
2-18-5,18,5,407.85,Vendido,,0,0.5,0,,2
2-18-6,18,6,407.85,Vendido,,0,0.5,0,,2
2-18-7,18,7,407.85,Libre,500000,65000000,0.5,32500000,,2
2-18-8,18,8,407.85,Libre,520000,67600000,0.5,33800000,,2
2-18-9,18,9,407.85,Libre,500000,65000000,0.5,32500000,,2
2-19-1,19,1,408.28,Vendido,,0,0.5,0,,2
2-19-2,19,2,408.28,Cancelado,,0,0.5,0,,2
2-19-3,19,3,429.81,Cancelado,,0,0.5,0,,2
2-19-4,19,4,362.33,Vendido,,0,0.5,0,,2
2-19-5,19,5,362.33,Libre,500000,65000000,0.5,32500000,,2
2-2-1,2,1,362.34,Libre,520000,67600000,0.5,33800000,,2
2-2-10,2,10,,Cancelado,,0,0.5,0,,2
2-2-2,2,2,362.34,Libre,500000,65000000,0.5,32500000,,2
2-2-3,2,3,362.34,Libre,500000,65000000,0.5,32500000,,2
2-2-4,2,4,362.34,Vendido,,0,0.5,0,,2
2-2-5,2,5,362.34,Vendido,,0,0.5,0,,2
2-2-6,2,6,362.34,Vendido,,0,0.5,0,,2
2-2-7,2,7,362.34,Vendido,,0,0.5,0,,2
2-2-8,2,8,362.34,Libre,520000,67600000,0.5,33800000,,2
2-20-1,20,1,626.88,Vendido,,0,0.5,0,,2
2-20-10,20,10,629.88,Vendido,,0,0.5,0,,2
2-20-2,20,2,855.14,Vendido,,0,0.5,0,,2
2-20-3,20,3,855.14,Vendido,,0,0.5,0,,2
2-20-4,20,4,855.14,Cancelado,,0,0.5,0,,2
2-20-5,20,5,855.14,Cancelado,,0,0.5,0,,2
2-20-6,20,6,492.79,Vendido,,0,0.5,0,,2
2-20-7,20,7,492.79,Vendido,,0,0.5,0,,2
2-20-8,20,8,587.55,Cancelado,,0,0.5,0,,2
2-20-9,20,9,629.88,Cancelado,,0,0.5,0,,2
2-3-1,3,1,362.34,Vendido,,0,0.5,0,,2
2-3-2,3,2,362.34,Libre,470000,61100000,0.5,30550000,,2
2-3-3,3,3,362.34,Libre,470000,61100000,0.5,30550000,,2
2-3-4,3,4,362.34,Libre,470000,61100000,0.5,30550000,,2
2-3-5,3,5,362.34,Libre,480000,62400000,0.5,31200000,,2
2-3-6,3,6,362.34,Vendido,,0,0.5,0,,2
2-3-7,3,7,362.34,Vendido,,0,0.5,0,,2
2-3-8,3,8,,Vendido,,0,0.5,0,,2
2-4-1,4,1,,Libre,470000,61100000,0.5,30550000,,2
2-4-2,4,2,362.34,Libre,460000,59800000,0.5,29900000,,2
2-4-3,4,3,362.34,Libre,460000,59800000,0.5,29900000,,2
2-4-4,4,4,362.34,Libre,460000,59800000,0.5,29900000,,2
2-4-5,4,5,362.34,Vendido,,0,0.5,0,,2
2-4-6,4,6,362.34,Vendido,,0,0.5,0,,2
2-4-7,4,7,,Libre,470000,61100000,0.5,30550000,,2
2-4-8,4,8,362.34,Libre,470000,61100000,0.5,30550000,,2
2-5-1,5,1,362.34,Libre,460000,59800000,0.5,29900000,,2
2-5-2,5,2,362.34,Libre,450000,58500000,0.5,29250000,,2
2-5-3,5,3,362.34,Libre,450000,58500000,0.5,29250000,,2
2-5-4,5,4,362.34,Libre,450000,58500000,0.5,29250000,,2
2-5-5,5,5,362.34,Cancelado,,0,0.5,0,,2
2-5-6,5,6,362.34,Libre,490000,63700000,0.5,31850000,,2
2-5-7,5,7,362.34,Libre,460000,59800000,0.5,29900000,,2
2-5-8,5,8,362.34,Libre,460000,59800000,0.5,29900000,,2
2-6-1,6,1,362.34,Libre,430000,55900000,0.5,27950000,,2
2-6-2,6,2,362.34,Libre,390000,50700000,0.5,25350000,,2
2-6-3,6,3,362.34,Libre,390000,50700000,0.5,25350000,,2
2-6-4,6,4,362.34,Vendido,,0,0.5,0,,2
2-6-5,6,5,362.34,Vendido,,0,0.5,0,,2
2-6-6,6,6,362.34,Cancelado,,0,0.5,0,,2
2-6-7,6,7,362.34,Libre,430000,55900000,0.5,27950000,,2
2-6-8,6,8,362.34,Libre,430000,55900000,0.5,27950000,,2
2-7-1,7,1,362.34,Libre,420000,54600000,0.5,27300000,,2
2-7-2,7,2,362.34,Libre,390000,50700000,0.5,25350000,,2
2-7-3,7,3,362.34,Libre,390000,50700000,0.5,25350000,,2
2-7-4,7,4,362.34,Libre,390000,50700000,0.5,25350000,,2
2-7-5,7,5,362.34,Vendido,,0,0.5,0,,2
2-7-6,7,6,362.34,Cancelado,,0,0.5,0,,2
2-7-7,7,7,362.34,Libre,420000,54600000,0.5,27300000,,2
2-7-8,7,8,362.34,Libre,420000,54600000,0.5,27300000,,2
2-8-1,8,1,362.34,Vendido,,0,0.5,0,,2
2-8-2,8,2,362.34,Libre,370000,48100000,0.5,24050000,,2
2-8-3,8,3,362.34,Libre,370000,48100000,0.5,24050000,,2
2-8-4,8,4,362.34,Libre,370000,48100000,0.5,24050000,,2
2-8-5,8,5,362.34,Libre,370000,48100000,0.5,24050000,,2
2-8-6,8,6,362.34,Libre,390000,50700000,0.5,25350000,,2
2-8-7,8,7,362.34,Vendido,,0,0.5,0,,2
2-8-8,8,8,362.34,Vendido,,0,0.5,0,,2
2-9-1,9,1,362.34,Cancelado,,0,0.5,0,,2
2-9-2,9,2,362.34,Libre,390000,50700000,0.5,25350000,,2
2-9-3,9,3,362.34,Libre,330000,42900000,0.5,21450000,,2
2-9-4,9,4,362.34,Libre,330000,42900000,0.5,21450000,,2
2-9-5,9,5,362.34,Vendido,,0,0.5,0,,2
2-9-6,9,6,362.34,Vendido,,0,0.5,0,,2
2-9-7,9,7,362.34,Libre,360000,46800000,0.5,23400000,,2
2-9-8,9,8,362.34,Cancelado,,0,0.5,0,,2
"003-RESIDENCIAL PARQUE DEL NORTE
",,,,,,,,,,
3-A-1,A,1,383.18,Libre,450000,58500000,0.5,29250000,,3
3-B-1,B,1,,Cancelado,,0,0.5,0,,3
3-C-1,C,1,,Vendido,,0,0.5,0,,3
3-D-1,D,1,,Plaza,,0,,,,
3-A-2,A,2,,Libre,450000,58500000,0.5,29250000,,3
3-B-2,B,2,,Cancelado,,0,0.5,0,,3
3-C-2,C,2,,Libre,750000,97500000,0.5,48750000,,3
3-D-2,D,2,,Libre,650000,84500000,0.5,42250000,,3
3-A-3,A,3,360,Libre,450000,58500000,0.5,29250000,,3
3-B-3,B,3,,Cancelado,,0,0.5,0,,3
3-C-3,C,3,,Vendido,,0,0.5,0,,3
3-D-3,D,3,,Libre,650000,84500000,0.5,42250000,,3
3-A-4,A,4,360,Libre,450000,58500000,0.5,29250000,,3
3-B-4,B,4,,Cancelado,,0,0.5,0,,3
3-C-4,C,4,,Vendido,,0,0.5,0,,3
3-D-4,D,4,,Libre,700000,91000000,0.5,45500000,,3
3-A-5,A,5,360,Libre,450000,58500000,0.5,29250000,,3
3-B-5,B,5,,Cancelado,,0,0.5,0,,3
3-C-5,C,5,,Vendido,,0,0.5,0,,3
3-D-5,D,5,,Libre,700000,91000000,0.5,45500000,,3
3-A-6,A,6,360,Libre,450000,58500000,0.5,29250000,,3
3-B-6,B,6,,Cancelado,,0,0.5,0,,3
3-C-6,C,6,,Vendido,,0,0.5,0,,3
3-D-6,D,6,,Libre,750000,97500000,0.5,48750000,,3
3-A-7,A,7,360,Libre,450000,58500000,0.5,29250000,,3
3-B-7,B,7,360,Vendido,700000,91000000,0.5,45500000,,3
3-C-7,C,7,,Vendido,,0,0.5,0,,3
3-D-7,D,7,,Libre,750000,97500000,0.5,48750000,,3
3-A-8,A,8,360,Libre,600000,78000000,0.5,39000000,,3
3-B-8,B,8,360,Libre,650000,84500000,0.5,42250000,,3
3-C-8,C,8,,Cancelado,,0,0.5,0,,3
3-D-8,D,8,,Libre,750000,97500000,0.5,48750000,,3
3-A-9,A,9,360,Libre,600000,78000000,0.5,39000000,,3
3-B-9,B,9,360,Libre,680000,88400000,0.5,44200000,,3
3-C-9,C,9,,Vendido,,0,0.5,0,,3
3-D-9,D,9,,Libre,750000,97500000,0.5,48750000,,3
3-A-10,A,10,360,Libre,600000,78000000,0.5,39000000,,3
3-B-10,B,10,,Libre,650000,84500000,0.5,42250000,,3
3-C-10,C,10,,Vendido,,0,0.5,0,,3
3-A-11,A,11,360,Libre,600000,78000000,0.5,39000000,,3
3-B-11,B,11,,Vendido,650000,84500000,0.5,42250000,,3
3-C-11,C,11,,Vendido,,0,0.5,0,,3
3-A-12,A,12,,Cancelado,,0,0.5,0,,3
3-B-12,B,12,,Vendido,,0,0.5,0,,3
3-C-12,C,12,,Vendido,,0,0.5,0,,3
3-A-13,A,13,360,Libre,550000,71500000,0.5,35750000,,3
3-B-13,B,13,,Vendido,,0,0.5,0,,3
3-C-13,C,13,,Vendido,,0,0.5,0,,3
3-A-14,A,14,360,Libre,550000,71500000,0.5,35750000,,3
3-C-14,C,14,,Vendido,,0,0.5,0,,3
3-A-15,A,15,360,Libre,550000,71500000,0.5,35750000,,3
3-C-15,C,15,,Vendido,,0,0.5,0,,3
3-A-16,A,16,360,Libre,550000,71500000,0.5,35750000,,3
3-C-16,C,16,,Libre,700000,91000000,0.5,45500000,,3
3-A-17,A,17,,Libre,550000,71500000,0.5,35750000,,3
3-C-17,C,17,,Libre,700000,91000000,0.5,45500000,,3
3-A-18,A,18,,Libre,400000,52000000,0.5,26000000,,3
3-C-18,C,18,,Vendido,,0,0.5,0,,3
"004-RESIDENIAL VILLA ROSITA 2
",,,,,,,,,,
4-22-9,22,9,,Vendido,,0,0.5,0,,4
4-22-10,22,10,,Cancelado,,0,0.5,0,,4
4-22-11,22,11,,Vendido,,0,0.5,0,,4
4-22-12,22,12,,Vendido,,0,0.5,0,,4
4-22-13,22,13,,Vendido,,0,0.5,0,,4
4-22-14,22,14,,Vendido,,0,0.5,0,,4
4-22-15,22,15,,Vendido,,0,0.5,0,,4
4-22-16,22,16,,Vendido,,0,0.5,0,,4
"005-RESIDENCIAL SAGRADO NORTEÑO
",,,,,,,,,,
5-1-1,1,2,,Reserva de propietario,,0,,,,
5-1-2,1,2,,Reserva de propietario,,0,,,,
5-2-1,2,1,360,Vendido,,0,0.5,0,,5
5-2-2,2,2,,Libre,800000,104000000,0.5,52000000,,5
5-2-3,2,3,,Libre,800000,104000000,0.5,52000000,,5
5-2-4,2,4,,Libre,800000,104000000,0.5,52000000,,5
5-2-5,2,5,360,Vendido,,0,0.5,0,,5
5-2-6,2,6,360,Vendido,,0,0.5,0,,5
5-2-7,2,7,,Libre,800000,104000000,0.5,52000000,,5
5-2-8,2,8,,Libre,800000,104000000,0.5,52000000,,5
5-2-9,2,9,,Libre,800000,104000000,0.5,52000000,,5
5-3-1,3,1,,Libre,800000,104000000,0.5,52000000,,5
5-3-2,3,2,,Libre,700000,91000000,0.5,45500000,,5
5-3-3,3,3,,Libre,700000,91000000,0.5,45500000,,5
5-3-4,3,4,,Libre,700000,91000000,0.5,45500000,,5
5-3-5,3,5,,Libre,600000,78000000,0.5,39000000,,5
5-3-6,3,6,,Libre,600000,78000000,0.5,39000000,,5
5-3-7,3,7,,Libre,600000,78000000,0.5,39000000,,5
5-3-8,3,8,,Libre,600000,78000000,0.5,39000000,,5
5-3-9,3,9,,Libre,650000,84500000,0.5,42250000,,5
5-4-1,4,1,,Libre,600000,78000000,0.5,39000000,,5
5-4-2,4,2,526,Vendido,,0,0.5,0,,5
5-4-3,4,3,,Libre,600000,78000000,0.5,39000000,,5
5-4-4,4,4,420,Vendido,,0,0.5,0,,5
5-4-5,4,5,360,Vendido,,0,0.5,0,,5
5-4-6,4,6,,Libre,550000,71500000,0.5,35750000,,5
5-4-7,4,7,,Libre,550000,71500000,0.5,35750000,,5
5-4-8,4,8,,Libre,550000,71500000,0.5,35750000,,5
5-4-9,4,9,,Libre,550000,71500000,0.5,35750000,,5
5-5-1,5,1,,Vendido,600000,78000000,0.5,39000000,,5
5-5-2,5,2,,Vendido,600000,78000000,0.5,39000000,,5
5-5-3,5,3,,Libre,600000,78000000,0.5,39000000,,5
5-5-4,5,4,,Vendido,,0,0.5,0,,5
5-5-5,5,5,,Vendido,,0,0.5,0,,5
5-5-6,5,6,,Anulado,,0,0.5,0,,5
5-5-7,5,7,,Libre,550000,71500000,0.5,35750000,,5
5-5-8,5,8,,Libre,600000,78000000,0.5,39000000,,5
5-5-9,5,9,,Anulado,,0,0.5,0,,5
5-6-1,6,1,,Vendido,550000,71500000,0.5,35750000,,5
5-6-2,6,2,,Libre,500000,65000000,0.5,32500000,,5
5-6-3,6,3,,Libre,500000,65000000,0.5,32500000,,5
5-6-4,6,4,,Vendido,,0,0.5,0,,5
5-6-5,6,5,,Libre,480000,62400000,0.5,31200000,,5
5-6-6,6,6,,Libre,480000,62400000,0.5,31200000,,5
5-6-7,6,7,,Libre,480000,62400000,0.5,31200000,,5
5-6-8,6,8,,Libre,480000,62400000,0.5,31200000,,5
5-6-9,6,9,,Libre,480000,62400000,0.5,31200000,,5
5-7-1,7,1,,Vendido,,0,0.5,0,,5
5-7-2,7,2,,Libre,450000,58500000,0.5,29250000,,5
5-7-3,7,3,,Vendido,,0,0.5,0,,5
5-7-4,7,4,,Libre,500000,65000000,0.5,32500000,,5
5-7-5,7,5,,Vendido,400000,52000000,0.5,26000000,,5
5-7-6,7,6,,Libre,500000,65000000,0.5,32500000,,5
5-7-7,7,7,,Libre,450000,58500000,0.5,29250000,,5
5-7-8,7,8,,Libre,500000,65000000,0.5,32500000,,5
5-7-9,7,9,,Cancelado,,0,0.5,0,,5
5-8-1,8,1,,Plaza,,0,,,,
5-9-1,9,1,,Vendido,,0,0.5,0,,5
5-9-2,9,2,,Vendido,400000,52000000,0.5,26000000,,5
5-9-3,9,3,,Libre,400000,52000000,0.5,26000000,,5
5-9-4,9,4,,Vendido,450000,58500000,0.5,29250000,,5
5-9-5,9,5,,Vendido,400000,52000000,0.5,26000000,,5
5-9-6,9,6,,Libre,400000,52000000,0.5,26000000,,5
5-9-7,9,7,,Libre,400000,52000000,0.5,26000000,,5
5-9-8,9,8,,Vendido,,0,0.5,0,,5
5-9-9,9,9,,Vendido,,0,0.5,0,,5
5-10-1,10,1,,Libre,550000,71500000,0.5,35750000,,5
5-10-2,10,2,,Libre,550000,71500000,0.5,35750000,,5
5-10-3,10,3,,Libre,550000,71500000,0.5,35750000,,5
5-10-4,10,4,,Libre,550000,71500000,0.5,35750000,,5
5-10-5,10,5,,Libre,530000,68900000,0.5,34450000,,5
5-10-6,10,6,,Libre,530000,68900000,0.5,34450000,,5
5-10-7,10,7,,Libre,530000,68900000,0.5,34450000,,5
5-10-8,10,8,,Libre,530000,68900000,0.5,34450000,,5
5-10-9,10,9,,Libre,530000,68900000,0.5,34450000,,5
5-11-1,11,1,,Reserva de propietario,,0,0.5,0,,5
5-11-2,11,2,,Reserva de propietario,,0,0.5,0,,5
5-11-3,11,3,,Reserva de propietario,,0,0.5,0,,5
5-11-4,11,4,,Reserva de propietario,,0,0.5,0,,5
5-11-5,11,5,,Reserva de propietario,,0,0.5,0,,5
5-11-6,11,6,,Reserva de propietario,,0,0.5,0,,5
5-11-7,11,7,,Reserva de propietario,,0,0.5,0,,5
5-11-8,11,8,,Reserva de propietario,,0,0.5,0,,5
5-11-9,11,9,,Reserva de propietario,,0,0.5,0,,5
"006-RESIDENCIAL LOS MANGALES I
",,,,,,,,,,
6-1-1,1,1,,Cancelado,,0,0.5,0,,6
6-1-2,1,2,,Cancelado,,0,0.5,0,,6
6-1-3,1,3,,Vendido,,0,0.5,0,,6
6-1-4,1,4,,Cancelado,,0,0.5,0,,6
6-1-5,1,5,,Vendido,,0,0.5,0,,6
6-1-6,1,6,,Vendido,,0,0.5,0,,6
6-1-7,1,7,,Vendido,,0,0.5,0,,6
6-1-8,1,8,,Cancelado,,0,0.5,0,,6
6-1-9,1,9,,Vendido,,0,0.5,0,,6
6-1-10,1,10,,Vendido,,0,0.5,0,,6
6-1-11,1,11,,Vendido,,0,0.5,0,,6
6-1-12,1,12,,Cancelado,,0,0.5,0,,6
6-2-1,2,1,,Vendido,,0,0.5,0,,6
6-2-2,2,2,,Vendido,,0,0.5,0,,6
6-2-3,2,3,,Vendido,,0,0.5,0,,6
6-2-4,2,4,,Vendido,,0,0.5,0,,6
6-2-5,2,5,,Vendido,,0,0.5,0,,6
6-2-6,2,6,,Vendido,,0,0.5,0,,6
6-2-7,2,7,,Vendido,,0,0.5,0,,6
6-2-8,2,8,,Vendido,,0,0.5,0,,6
6-2-9,2,9,,Vendido,,0,0.5,0,,6
6-2-10,2,10,,Vendido,,0,0.5,0,,6
6-2-11,2,11,,Vendido,,0,0.5,0,,6
6-2-12,2,12,,Vendido,,0,0.5,0,,6
6-2-13,2,13,,Vendido,,0,0.5,0,,6
6-3-1,3,1,,Vendido,,0,0.5,0,,6
6-3-2,3,2,,Vendido,,0,0.5,0,,6
6-3-3,3,3,,Vendido,,0,0.5,0,,6
6-3-4,3,4,,Vendido,,0,0.5,0,,6
"007-RESIDENCIAL LOS MANGALES II
",,,,,,,,,,
7-1-1,1,1,,Vendido,,0,0.5,0,,7
7-1-2,1,2,,Vendido,,0,0.5,0,,7
7-1-3,1,3,,Vendido,,0,0.5,0,,7
7-1-4,1,4,360,Vendido,,0,0.5,0,,7
7-1-5,1,5,,Vendido,,0,0.5,0,,7
7-1-6,1,6,,Vendido,,0,0.5,0,,7
7-1-7,1,7,,Vendido,,0,0.5,0,,7
7-1-8,1,8,,Vendido,,0,0.5,0,,7
7-1-9,1,9,,Vendido,,0,0.5,0,,7
7-1-10,1,10,,Vendido,,0,0.5,0,,7
7-1-11,1,11,,Vendido,,0,0.5,0,,7
7-2-1,2,1,,Vendido,,0,0.5,0,,7
7-2-2,2,2,420,Vendido,,0,0.5,0,,7
7-2-3,2,3,486.6,Vendido,,0,0.5,0,,7
"008-RESIDENCIAL EL RODEO
",,,,,,,,,,
8-1-1,1,1,433.65,Libre,520000,67600000,0.3,47320000,,8
8-1-2,1,2,360,Libre,400000,52000000,0.3,36400000,,8
8-1-3,1,3,360,Libre,400000,52000000,0.3,36400000,,8
8-1-4,1,4,360,Libre,400000,52000000,0.3,36400000,,8
8-1-5,1,5,,Vendido,,0,0.3,0,,8
8-1-6,1,6,,Vendido,,0,0.3,0,,8
8-1-7,1,7,,Vendido,,0,0.3,0,,8
8-1-8,1,8,360,Libre,400000,52000000,0.3,36400000,,8
8-1-9,1,9,360,Libre,400000,52000000,0.3,36400000,,8
8-1-10,1,10,,Vendido,,0,0.3,0,,8
8-1-11,1,11,,Vendido,,0,0.3,0,,8
8-1-12,1,12,,Vendido,,0,0.3,0,,8
8-1-13,1,13,,Vendido,,0,0.3,0,,8
8-1-14,1,14,,Vendido,,0,0.3,0,,8
8-1-15,1,15,,Vendido,,0,0.3,0,,8
8-1-16,1,16,,Vendido,,0,0.3,0,,8
8-1-17,1,17,,Vendido,,0,0.3,0,,8
8-1-18,1,18,,Vendido,,0,0.3,0,,8
8-1-19,1,19,,Vendido,,0,0.3,0,,8
8-1-20,1,20,,Vendido,,0,0.3,0,,8
8-1-21,1,21,,Vendido,,0,0.3,0,,8
8-1-22,1,22,,Vendido,,0,0.3,0,,8
8-1-23,1,23,,Vendido,,0,0.3,0,,8
8-1-24,1,24,360,Libre,360000,46800000,0.3,32759999.999999996,,8
8-1-25,1,25,,Vendido,,0,0.3,0,,8
8-1-26,1,26,651.24,Libre,760000,98800000,0.3,69160000,,8
8-1-27,1,27,413.99,Libre,460000,59800000,0.3,41860000,,8
8-2-1,2,1,372.44,Libre,520000,67600000,0.3,47320000,,8
8-2-2,2,2,360,Libre,400000,52000000,0.3,36400000,,8
8-2-3,2,3,,Cancelado,,0,0.3,0,,8
8-2-4,2,4,,Vendido,,0,0.3,0,,8
8-2-5,2,5,360,Libre,435000,56550000,0.3,39585000,,8
8-2-6,2,6,,Vendido,,0,0.3,0,,8
8-2-7,2,7,360,Libre,435000,56550000,0.3,39585000,,8
8-2-8,2,8,360,Libre,435000,56550000,0.3,39585000,,8
8-2-9,2,9,,Vendido,,0,0.3,0,,8
8-2-10,2,10,360,Libre,435000,56550000,0.3,39585000,,8
8-2-11,2,11,,Vendido,,0,0.3,0,,8
8-2-12,2,12,,Vendido,,0,0.3,0,,8
8-2-13,2,13,390.19,Libre,520000,67600000,0.3,47320000,,8
8-2-14,2,14,,Vendido,,0,0.3,0,,8
8-2-15,2,15,,Vendido,,0,0.3,0,,8
8-2-16,2,16,,Vendido,,0,0.3,0,,8
8-2-17,2,17,,Vendido,,0,0.3,0,,8
8-2-18,2,18,360,Libre,400000,52000000,0.3,36400000,,8
8-2-19,2,19,360,Libre,400000,52000000,0.3,36400000,,8
8-2-20,2,20,360,Libre,400000,52000000,0.3,36400000,,8
8-2-21,2,21,360,Libre,400000,52000000,0.3,36400000,,8
8-2-22,2,22,360,Libre,350000,45500000,0.3,31849999.999999996,,8
8-2-23,2,23,360,Libre,350000,45500000,0.3,31849999.999999996,,8
8-2-24,2,24,360,Libre,400000,52000000,0.3,36400000,,8
8-2-25,2,25,,Vendido,,0,0.3,0,,8
8-2-26,2,26,382.09,Libre,520000,67600000,0.3,47320000,,8
8-2-27,2,27,470.07,Libre,520000,67600000,0.3,47320000,,8
8-2-28,2,28,371.14,Libre,460000,59800000,0.3,41860000,,8
8-3-1,3,1,410.01,Libre,520000,67600000,0.3,47320000,,8
8-3-2,3,2,,Vendido,,0,0.3,0,,8
8-3-3,3,3,,Plaza,,0,,,,
8-3-4,3,4,,Edificio Publico,,0,,,,
8-3-5,3,5,,Vendido,,0,0.3,0,,8
8-3-6,3,6,439.2,Libre,495000,64350000,0.3,45045000,,8
8-3-7,3,7,360.14,Libre,495000,64350000,0.3,45045000,,8
8-3-8,3,8,362.68,Libre,460000,59800000,0.3,41860000,,8
8-3-9,3,9,368.67,Libre,460000,59800000,0.3,41860000,,8
8-3-10,3,10,365.72,Libre,495000,64350000,0.3,45045000,,8
8-3-11,3,11,,Vendido,,0,0.3,0,,8
8-3-12,3,12,420.18,Libre,460000,59800000,0.3,41860000,,8
8-3-13,3,13,,Vendido,,0,0.3,0,,8
8-3-14,3,14,,Cancelado,,0,0.3,0,,8
8-3-15,3,15,,Vendido,,0,0.3,0,,8
8-3-16,3,16,392.34,Libre,520000,67600000,0.3,47320000,,8
8-3-17,3,17,385.56,Libre,460000,59800000,0.3,41860000,,8
8-3-18,3,18,,Vendido,,0,0.3,0,,8
8-4-1,4,1,377.65,Libre,520000,67600000,0.3,47320000,,8
8-4-2,4,2,360,Libre,460000,59800000,0.3,41860000,,8
8-4-3,4,3,360,Libre,460000,59800000,0.3,41860000,,8
8-4-4,4,4,360,Libre,460000,59800000,0.3,41860000,,8
8-4-5,4,5,,Vendido,,0,0.3,0,,8
8-4-6,4,6,,Vendido,,0,0.3,0,,8
8-4-7,4,7,,Libre,460000,59800000,0.3,41860000,,8
8-4-8,4,8,,Libre,460000,59800000,0.3,41860000,,8
8-4-9,4,9,,Libre,460000,59800000,0.3,41860000,,8
8-4-10,4,10,,Libre,460000,59800000,0.3,41860000,,8
8-4-11,4,11,,Libre,460000,59800000,0.3,41860000,,8
8-4-12,4,12,,Libre,460000,59800000,0.3,41860000,,8
8-4-13,4,13,,Libre,520000,67600000,0.3,47320000,,8
8-4-14,4,14,,Vendido,,0,0.3,0,,8
8-4-15,4,15,,Libre,460000,59800000,0.3,41860000,,8
8-4-16,4,16,,Libre,460000,59800000,0.3,41860000,,8
8-4-17,4,17,,Libre,460000,59800000,0.3,41860000,,8
8-4-18,4,18,,Libre,460000,59800000,0.3,41860000,,8
8-4-19,4,19,,Libre,460000,59800000,0.3,41860000,,8
8-4-20,4,20,,Libre,460000,59800000,0.3,41860000,,8
8-4-21,4,21,,Vendido,,0,0.3,0,,8
8-4-22,4,22,,Vendido,,0,0.3,0,,8
8-4-23,4,23,,Libre,460000,59800000,0.3,41860000,,8
8-4-24,4,24,,Libre,460000,59800000,0.3,41860000,,8
8-4-25,4,25,,Libre,460000,59800000,0.3,41860000,,8
8-4-26,4,26,,Libre,520000,67600000,0.3,47320000,,8
8-4-27,4,27,,Libre,495000,64350000,0.3,45045000,,8
8-4-28,4,28,,Libre,495000,64350000,0.3,45045000,,8
8-5-1,5,1,,Libre,495000,64350000,0.3,45045000,,8
8-5-2,5,2,,Libre,495000,64350000,0.3,45045000,,8
8-5-3,5,3,,Libre,480000,62400000,0.3,43680000,,8
8-5-4,5,4,,Libre,470000,61100000,0.3,42770000,,8
8-5-5,5,5,,Libre,460000,59800000,0.3,41860000,,8
8-5-6,5,6,,Libre,460000,59800000,0.3,41860000,,8
8-5-7,5,7,,Libre,460000,59800000,0.3,41860000,,8
8-5-8,5,8,,Libre,460000,59800000,0.3,41860000,,8
8-5-9,5,9,,Vendido,,0,0.3,0,,8
8-5-10,5,10,,Libre,700000,91000000,0.3,63699999.99999999,,8
8-5-11,5,11,,Libre,520000,67600000,0.3,47320000,,8
8-5-12,5,12,,Libre,495000,64350000,0.3,45045000,,8
8-6-1,6,1,,Libre,700000,91000000,0.3,63699999.99999999,,8
8-6-2,6,2,,Vendido,,0,0.3,0,,8
8-6-3,6,3,,Libre,640000,83200000,0.3,58240000,,8
8-6-4,6,4,,Vendido,,0,0.3,0,,8
8-6-5,6,5,,Vendido,,0,0.3,0,,8
8-6-6,6,6,,Cancelado,,0,0.3,0,,8
8-6-7,6,7,,Vendido,,0,0.3,0,,8
8-6-8,6,8,,Vendido,,0,0.3,0,,8
8-6-9,6,9,,Libre,580000,75400000,0.3,52780000,,8
8-6-10,6,10,,Libre,520000,67600000,0.3,47320000,,8
8-6-11,6,11,,Libre,520000,67600000,0.3,47320000,,8
8-6-12,6,12,,Libre,520000,67600000,0.3,47320000,,8
8-6-13,6,13,,Vendido,520000,67600000,0.3,47320000,,8
8-6-14,6,14,,Vendido,,0,0.3,0,,8
8-7-1,7,1,,Reserva de propietario,,0,0.3,0,,8
8-7-2,7,2,,Reserva de propietario,,0,0.3,0,,8
8-7-3,7,3,,Reserva de propietario,,0,0.3,0,,8
8-7-4,7,4,,Reserva de propietario,,0,0.3,0,,8
8-7-5,7,5,,Reserva de propietario,,0,0.3,0,,8
8-7-6,7,6,,Reserva de propietario,,0,0.3,0,,8
8-7-7,7,7,,Vendido,,0,0.3,0,,8
8-7-8,7,8,,Vendido,,0,0.3,0,,8
8-7-9,7,9,,Reserva de propietario,,0,0.3,0,,8
8-7-10,7,10,,Reserva de propietario,,0,0.3,0,,8
8-7-11,7,11,,Reserva de propietario,,0,0.3,0,,8
8-7-12,7,12,,Reserva de propietario,,0,0.3,0,,8
8-8-1,8,1,,Vendido,,0,0.3,0,,8
8-8-2,8,2,,Vendido,,0,0.3,0,,8
8-8-3,8,3,,Libre,615000,79950000,0.3,55965000,,8
8-8-4,8,4,,Vendido,,0,0.3,0,,8
8-8-5,8,5,,Libre,610000,79300000,0.3,55510000,,8
8-8-6,8,6,,Libre,615000,79950000,0.3,55965000,,8
8-8-7,8,7,,Libre,620000,80600000,0.3,56420000,,8
8-8-8,8,8,,Libre,620000,80600000,0.3,56420000,,8
8-8-9,8,9,,Libre,615000,79950000,0.3,55965000,,8
8-8-10,8,10,,Vendido,,0,0.3,0,,8
8-8-11,8,11,,Vendido,,0,0.3,0,,8
8-8-12,8,12,,Vendido,,0,0.3,0,,8
8-8-13,8,13,,Libre,500000,65000000,0.3,45500000,,8
8-8-14,8,14,,Libre,495000,64350000,0.3,45045000,,8
8-8-15,8,15,,Libre,495000,64350000,0.3,45045000,,8
8-8-16,8,16,,Libre,495000,64350000,0.3,45045000,,8
8-8-17,8,17,,Libre,495000,64350000,0.3,45045000,,8
"009-RESIDENCIAL LA MANSION
",,,,,,,,,,
9-1-1,1,1,,Vendido,,0,0.5,0,,9
9-1-2,1,2,,Libre,850000,110500000,0.5,55250000,,9
9-1-3,1,3,,Libre,850000,110500000,0.5,55250000,,9
9-1-4,1,4,,Libre,850000,110500000,0.5,55250000,,9
9-1-5,1,5,,Reserva de propietario,,0,0.5,0,,9
9-2-1,2,1,,Reserva de propietario,,0,0.5,0,,9
9-2-2,2,2,,Reserva de propietario,,0,0.5,0,,9
9-2-3,2,3,,Reserva de propietario,,0,0.5,0,,9
9-2-4,2,4,,Reserva de propietario,,0,0.5,0,,9
9-2-5,2,5,,Vendido,,0,0.5,0,,9
9-2-6,2,6,,Vendido,,0,0.5,0,,9
9-2-7,2,7,,Libre,900000,117000000,0.5,58500000,,9
9-2-8,2,8,,Reserva de propietario,,0,0.5,0,,9
9-2-9,2,9,,Vendido,,0,0.5,0,,9
9-2-10,2,10,,Libre,800000,104000000,0.5,52000000,,9
9-2-11,2,11,,Vendido,,0,0.5,0,,9
9-2-12,2,12,,Libre,800000,104000000,0.5,52000000,,9
9-2-13,2,13,,Reserva de propietario,,0,0.5,0,,9
9-2-14,2,14,,Reserva de propietario,,0,0.5,0,,9
"010-RESIDENCIAL ALTOS DEL MONTE I
",,,,,,,,,,
10-1-1,1,1,,Vendido,,0,0.5,0,,10
10-1-2,1,2,,Vendido,,0,0.5,0,,10
10-1-3,1,3,,Vendido,,0,0.5,0,,10
10-1-4,1,4,,Vendido,,0,0.5,0,,10
10-1-5,1,5,,Vendido,,0,0.5,0,,10
10-1-6,1,6,,Vendido,,0,0.5,0,,10
10-1-7,1,7,,Vendido,,0,0.5,0,,10
10-2-1,2,1,,Vendido,,0,0.5,0,,10
10-2-2,2,2,,Vendido,,0,0.5,0,,10
10-2-3,2,3,,Vendido,,0,0.5,0,,10
10-2-4,2,4,,Vendido,,0,0.5,0,,10
10-2-5,2,5,,Vendido,,0,0.5,0,,10
10-2-6,2,6,,Vendido,,0,0.5,0,,10
10-2-7,2,7,,Vendido,,0,0.5,0,,10
10-2-8,2,8,,Vendido,,0,0.5,0,,10
10-2-9,2,9,,Vendido,,0,0.5,0,,10
10-2-10,2,10,,Vendido,,0,0.5,0,,10
"011-RESIDENCIAL ALTOS DEL MONTE II
",,,,,,,,,,
11-1-1,1,1,,Vendido,,0,0.5,0,,11
11-1-2,1,2,,Vendido,,0,0.5,0,,11
11-1-3,1,3,,Vendido,,0,0.5,0,,11
11-1-4,1,4,,Vendido,,0,0.5,0,,11
11-1-5,1,5,,Vendido,,0,0.5,0,,11
11-1-6,1,6,,Vendido,,0,0.5,0,,11
11-2-1,2,1,,Vendido,,0,0.5,0,,11
11-2-2,2,2,,Vendido,,0,0.5,0,,11
11-2-3,2,3,,Vendido,,0,0.5,0,,11
11-2-4,2,4,,Vendido,630000,81900000,0.5,40950000,,11
11-2-5,2,5,,Vendido,,0,0.5,0,,11
11-2-6,2,6,,Vendido,,0,0.5,0,,11
11-2-7,2,7,,Vendido,,0,0.5,0,,11
11-2-8,2,8,,Vendido,,0,0.5,0,,11
11-2-9,2,9,,Vendido,,0,0.5,0,,11
11-2-10,2,10,,Vendido,,0,0.5,0,,11
11-2-11,2,11,,Vendido,,0,0.5,0,,11
11-2-12,2,12,,Vendido,,0,0.5,0,,11
"013-RESIDENCIAL NUEVO AMANECER I
",,,,,,,,,,
13-1-1,1,1,,Vendido,,0,0.5,0,,13
13-1-2,1,2,,Vendido,,0,0.5,0,,13
13-1-3,1,3,,Vendido,,0,0.5,0,,13
13-1-4,1,4,,Vendido,,0,0.5,0,,13
13-1-5,1,5,,Vendido,,0,0.5,0,,13
13-1-6,1,6,,Vendido,900000,117000000,0.5,58500000,,13
13-2-1,2,1,,Vendido,,0,0.5,0,,13
13-2-2,2,2,,Vendido,,0,0.5,0,,13
13-2-3,2,3,,Vendido,,0,0.5,0,,13
13-2-4,2,4,,Vendido,,0,0.5,0,,13
13-2-5,2,5,,Vendido,,0,0.5,0,,13
"014-RESIDENCIALSIERRA VERDE
",,,,,,,,,,
14-1-1,1,1,,Vendido,,0,0.5,0,,14
14-1-2,1,2,,Vendido,,0,0.5,0,,14
14-1-3,1,3,,Vendido,,0,0.5,0,,14
14-1-4,1,4,,Vendido,,0,0.5,0,,14
14-1-5,1,5,,Vendido,,0,0.5,0,,14
14-1-6,1,6,,Vendido,,0,0.5,0,,14
14-1-7,1,7,,Vendido,,0,0.5,0,,14
14-1-8,1,8,,Vendido,,0,0.5,0,,14
14-1-9,1,9,,Vendido,,0,0.5,0,,14
14-1-10,1,10,360,Vendido,,0,0.5,0,,14
14-1-11,1,11,360,Vendido,,0,0.5,0,,14
14-1-12,1,12,360,Vendido,,0,0.5,0,,14
14-1-13,1,13,360,Vendido,,0,0.5,0,,14
14-1-14,1,14,,Vendido,,0,0.5,0,,14
14-1-15,1,15,,Vendido,,0,0.5,0,,14
14-1-16,1,16,,Vendido,,0,0.5,0,,14
14-1-17,1,17,,Vendido,,0,0.5,0,,14
14-1-18,1,18,,Vendido,,0,0.5,0,,14
14-1-19,1,19,,Vendido,,0,0.5,0,,14
14-1-20,1,20,,Vendido,,0,0.5,0,,14
14-1-21,1,21,,Vendido,,0,0.5,0,,14
14-1-22,1,22,,Vendido,,0,0.5,0,,14
14-1-23,1,23,,Vendido,,0,0.5,0,,14
14-1-24,1,24,,Vendido,,0,0.5,0,,14
14-1-25,1,25,,Vendido,,0,0.5,0,,14
14-1-26,1,26,,Vendido,,0,0.5,0,,14
14-1-27,1,27,,Vendido,,0,0.5,0,,14
14-1-28,1,28,,Vendido,,0,0.5,0,,14
14-1-29,1,29,,Vendido,,0,0.5,0,,14
14-2-1,2,1,,Vendido,,0,0.5,0,,14
14-2-2,2,2,,Vendido,,0,0.5,0,,14
14-2-3,2,3,,Vendido,,0,0.5,0,,14
14-2-4,2,4,,Vendido,,0,0.5,0,,14
14-2-5,2,5,,Vendido,,0,0.5,0,,14
14-2-6,2,6,,Vendido,,0,0.5,0,,14
14-2-7,2,7,,Vendido,,0,0.5,0,,14
14-2-8,2,8,,Vendido,,0,0.5,0,,14
14-2-9,2,9,,Vendido,,0,0.5,0,,14
14-2-10,2,10,,Vendido,,0,0.5,0,,14
14-2-11,2,11,,Vendido,,0,0.5,0,,14
14-2-12,2,12,,Vendido,,0,0.5,0,,14
14-2-13,2,13,,Cancelado,,0,0.5,0,,14
14-2-14,2,14,,Vendido,,0,0.5,0,,14
14-2-15,2,15,360,Vendido,,0,0.5,0,,14
14-2-16,2,16,360,Vendido,,0,0.5,0,,14
14-2-17,2,17,,Vendido,,0,0.5,0,,14
14-2-18,2,18,360,Vendido,,0,0.5,0,,14
14-2-19,2,19,,Vendido,,0,0.5,0,,14
14-2-20,2,20,,Vendido,,0,0.5,0,,14
14-2-21,2,21,,Vendido,,0,0.5,0,,14
14-2-22,2,22,,Vendido,,0,0.5,0,,14
14-2-23,2,23,,Vendido,,0,0.5,0,,14
14-2-24,2,24,,Vendido,,0,0.5,0,,14
14-2-25,2,25,,Vendido,,0,0.5,0,,14
14-2-26,2,26,,Vendido,,0,0.5,0,,14
14-2-27,2,27,360,Vendido,,0,0.5,0,,14
14-2-28,2,28,,Vendido,,0,0.5,0,,14
14-2-29,2,29,,Vendido,,0,0.5,0,,14
14-2-30,2,30,,Vendido,,0,0.5,0,,14
14-3-1,3,1,,Anulado,,0,0.5,0,,14
14-3-2,3,2,,Anulado,,0,0.5,0,,14
14-3-3,3,3,,Anulado,,0,0.5,0,,14
14-3-4,3,4,,Vendido,,0,0.5,0,,14
14-3-5,3,5,,Vendido,,0,0.5,0,,14
14-3-6,3,6,,Vendido,,0,0.5,0,,14
14-3-7,3,7,,Vendido,,0,0.5,0,,14
14-3-8,3,8,360,Vendido,,0,0.5,0,,14
14-4-1,4,1,,Plaza,,0,,,,
14-5-1,5,1,,Vendido,,0,0.5,0,,14
14-5-2,5,2,,Vendido,,0,0.5,0,,14
14-5-3,5,3,,Vendido,,0,0.5,0,,14
14-5-4,5,4,,Vendido,,0,0.5,0,,14
14-5-5,5,5,,Cancelado,,0,0.5,0,,14
14-5-6,5,6,,Vendido,,0,0.5,0,,14
14-5-7,5,7,,Cancelado,,0,0.5,0,,14
14-5-8,5,8,,Vendido,,0,0.5,0,,14
14-5-9,5,9,,Vendido,600000,78000000,0.5,39000000,,14
14-5-10,5,10,,Vendido,,0,0.5,0,,14
14-5-11,5,11,,Vendido,,0,0.5,0,,14
14-6-1,6,1,,Cancelado,,0,0.5,0,,14
14-6-2,6,2,,Vendido,,0,0.5,0,,14
14-6-3,6,3,,Anulado,,0,0.5,0,,14
14-6-4,6,4,,Vendido,,0,0.5,0,,14
14-6-5,6,5,,Vendido,,0,0.5,0,,14
14-6-6,6,6,,Vendido,,0,0.5,0,,14
14-6-7,6,7,,Cancelado,,0,0.5,0,,14
14-6-8,6,8,,Vendido,,0,0.5,0,,14
14-6-9,6,9,360,Vendido,,0,0.5,0,,14
14-6-10,6,10,,Vendido,,0,0.5,0,,14
14-6-11,6,11,,Vendido,,0,0.5,0,,14
14-6-12,6,12,,Vendido,,0,0.5,0,,14
14-6-13,6,13,,Vendido,,0,0.5,0,,14
14-6-14,6,14,,Vendido,,0,0.5,0,,14
14-6-15,6,15,,Vendido,,0,0.5,0,,14
14-6-16,6,16,,Vendido,,0,0.5,0,,14
14-6-17,6,17,,Vendido,,0,0.5,0,,14
14-6-18,6,18,,Vendido,,0,0.5,0,,14
14-6-19,6,19,,Vendido,,0,0.5,0,,14
14-6-20,6,20,,Cancelado,,0,0.5,0,,14
14-6-21,6,21,,Cancelado,,0,0.5,0,,14
14-6-22,6,22,,Vendido,,0,0.5,0,,14
14-6-23,6,23,,Vendido,,0,0.5,0,,14
14-6-24,6,24,,Vendido,,0,0.5,0,,14
14-6-25,6,25,,Vendido,,0,0.5,0,,14
14-6-26,6,26,,Cancelado,,0,0.5,0,,14
14-6-27,6,27,,Vendido,,0,0.5,0,,14
14-6-28,6,28,,Vendido,,0,0.5,0,,14
14-6-29,6,29,,Vendido,,0,0.5,0,,14
14-6-30,6,30,,Vendido,,0,0.5,0,,14
14-6-31,6,31,,Cancelado,,0,0.5,0,,14
14-6-32,6,32,,Vendido,,0,0.5,0,,14
14-6-33,6,33,,Vendido,,0,0.5,0,,14
14-7-1,7,1,,Cancelado,,0,0.5,0,,14
14-7-2,7,2,,Vendido,,0,0.5,0,,14
14-7-3,7,3,,Vendido,,0,0.5,0,,14
14-7-4,7,4,,Vendido,,0,0.5,0,,14
14-7-5,7,5,,Vendido,,0,0.5,0,,14
14-7-6,7,6,,Vendido,,0,0.5,0,,14
14-7-7,7,7,,Vendido,,0,0.5,0,,14
14-7-8,7,8,,Cancelado,,0,0.5,0,,14
14-7-9,7,9,,Vendido,,0,0.5,0,,14
14-7-10,7,10,,Vendido,,0,0.5,0,,14
14-7-11,7,11,,Vendido,,0,0.5,0,,14
14-7-12,7,12,,Vendido,,0,0.5,0,,14
14-7-13,7,13,,Vendido,,0,0.5,0,,14
14-7-14,7,14,,Vendido,,0,0.5,0,,14
14-7-15,7,15,,Vendido,,0,0.5,0,,14
14-7-16,7,16,,Vendido,,0,0.5,0,,14
14-7-17,7,17,,Vendido,,0,0.5,0,,14
14-7-18,7,18,,Vendido,,0,0.5,0,,14
14-7-19,7,19,,Vendido,,0,0.5,0,,14
14-7-20,7,20,,Vendido,,0,0.5,0,,14
14-7-21,7,21,,Vendido,,0,0.5,0,,14
14-7-22,7,22,,Vendido,,0,0.5,0,,14
14-7-23,7,23,,Vendido,,0,0.5,0,,14
14-7-24,7,24,,Vendido,,0,0.5,0,,14
14-7-25,7,25,,Vendido,,0,0.5,0,,14
14-7-26,7,26,,Vendido,,0,0.5,0,,14
14-7-27,7,27,,Vendido,,0,0.5,0,,14
14-7-28,7,28,,Vendido,,0,0.5,0,,14
14-7-29,7,29,,Vendido,,0,0.5,0,,14
14-7-30,7,30,,Vendido,,0,0.5,0,,14
14-7-31,7,31,,Vendido,,0,0.5,0,,14
14-8-1,8,1,,Cancelado,,0,0.5,0,,14
14-8-2,8,2,,Cancelado,,0,0.5,0,,14
14-8-3,8,3,,Cancelado,,0,0.5,0,,14
14-8-4,8,4,,Vendido,,0,0.5,0,,14
14-8-5,8,5,,Vendido,,0,0.5,0,,14
14-8-6,8,6,,Vendido,,0,0.5,0,,14
14-8-7,8,7,,Vendido,,0,0.5,0,,14
14-8-8,8,8,,Vendido,,0,0.5,0,,14
14-8-9,8,9,,Vendido,,0,0.5,0,,14
14-8-10,8,10,,Vendido,,0,0.5,0,,14
14-8-11,8,11,,Vendido,,0,0.5,0,,14
14-8-12,8,12,,Vendido,,0,0.5,0,,14
14-8-13,8,13,,Vendido,,0,0.5,0,,14
14-8-14,8,14,,Vendido,,0,0.5,0,,14
14-8-15,8,15,,Vendido,,0,0.5,0,,14
14-8-16,8,16,,Vendido,,0,0.5,0,,14
14-8-17,8,17,,Vendido,,0,0.5,0,,14
14-8-18,8,18,,Vendido,,0,0.5,0,,14
14-8-19,8,19,,Vendido,,0,0.5,0,,14
14-8-20,8,20,,Vendido,,0,0.5,0,,14
14-8-21,8,21,,Vendido,,0,0.5,0,,14
14-8-22,8,22,360,Vendido,,0,0.5,0,,14
14-8-23,8,23,360,Vendido,,0,0.5,0,,14
14-8-24,8,24,,Vendido,,0,0.5,0,,14
14-8-25,8,25,,Vendido,,0,0.5,0,,14
14-8-26,8,26,,Vendido,,0,0.5,0,,14
14-8-27,8,27,,Vendido,,0,0.5,0,,14
14-8-28,8,28,,Vendido,,0,0.5,0,,14
14-8-29,8,29,,Vendido,,0,0.5,0,,14
14-8-30,8,30,,Vendido,,0,0.5,0,,14
14-9-1,9,1,,Vendido,,0,0.5,0,,14
14-9-2,9,2,,Vendido,,0,0.5,0,,14
14-9-3,9,3,,Vendido,,0,0.5,0,,14
14-9-4,9,4,,Cancelado,,0,0.5,0,,14
14-9-5,9,5,,Vendido,,0,0.5,0,,14
14-9-6,9,6,,Vendido,,0,0.5,0,,14
14-9-7,9,7,,Vendido,,0,0.5,0,,14
14-9-8,9,8,,Vendido,,0,0.5,0,,14
14-9-9,9,9,,Vendido,,0,0.5,0,,14
14-9-10,9,10,,Vendido,,0,0.5,0,,14
14-9-11,9,11,,Vendido,,0,0.5,0,,14
14-9-12,9,12,,Vendido,,0,0.5,0,,14
14-9-13,9,13,,Vendido,,0,0.5,0,,14
14-9-14,9,14,,Vendido,,0,0.5,0,,14
14-9-15,9,15,,Vendido,,0,0.5,0,,14
14-9-16,9,16,,Vendido,,0,0.5,0,,14
14-9-17,9,17,,Vendido,,0,0.5,0,,14
14-9-18,9,18,,Vendido,,0,0.5,0,,14
14-9-19,9,19,,Vendido,,0,0.5,0,,14
14-9-20,9,20,,Vendido,,0,0.5,0,,14
14-9-21,9,21,,Vendido,,0,0.5,0,,14
14-9-22,9,22,,Vendido,,0,0.5,0,,14
14-9-23,9,23,,Cancelado,,0,0.5,0,,14
14-9-24,9,24,360,Cancelado,,0,0.5,0,,14
14-9-25,9,25,,Vendido,,0,0.5,0,,14
14-9-26,9,26,,Vendido,,0,0.5,0,,14
14-9-27,9,27,,Vendido,,0,0.5,0,,14
14-9-28,9,28,,Vendido,,0,0.5,0,,14
14-9-29,9,29,,Vendido,,0,0.5,0,,14
14-9-30,9,30,,Vendido,,0,0.5,0,,14
"015-RESIDENCIAL BRISAS DEL SUR
",,,,,,,,,,
15-1-1,1,1,,Plaza,,0,0.5,0,,15
15-1-2,1,2,,Edificio Publico,,0,0.5,0,,15
15-2-1,2,1,,Libre,500000,65000000,0.5,32500000,,15
15-2-2,2,2,,Libre,550000,71500000,0.5,35750000,,15
15-2-3,2,3,,Libre,550000,71500000,0.5,35750000,,15
15-2-4,2,4,,Libre,500000,65000000,0.5,32500000,,15
15-2-5,2,5,,Libre,500000,65000000,0.5,32500000,,15
15-2-6,2,6,,Libre,550000,71500000,0.5,35750000,,15
15-2-7,2,7,,Libre,580000,75400000,0.5,37700000,,15
15-2-8,2,8,,Libre,500000,65000000,0.5,32500000,,15
15-2-9,2,9,,Vendido,,0,0.5,0,,15
15-2-10,2,10,,Libre,450000,58500000,0.5,29250000,,15
15-2-11,2,11,,Libre,450000,58500000,0.5,29250000,,15
15-2-12,2,12,,Libre,500000,65000000,0.5,32500000,,15
15-2-13,2,13,,Libre,450000,58500000,0.5,29250000,,15
15-3-1,3,1,,Libre,650000,84500000,0.5,42250000,,15
15-3-2,3,2,,Libre,600000,78000000,0.5,39000000,,15
15-3-3,3,3,,Libre,600000,78000000,0.5,39000000,,15
15-3-4,3,4,,Libre,600000,78000000,0.5,39000000,,15
15-3-5,3,5,,Libre,630000,81900000,0.5,40950000,,15
15-3-6,3,6,,Libre,630000,81900000,0.5,40950000,,15
15-3-7,3,7,,Libre,630000,81900000,0.5,40950000,,15
15-3-8,3,8,,Libre,630000,81900000,0.5,40950000,,15
15-3-9,3,9,,Cancelado,,0,0.5,0,,15
15-3-10,3,10,,Cancelado,,0,0.5,0,,15
15-3-11,3,11,,Libre,580000,75400000,0.5,37700000,,15
15-3-12,3,12,,Libre,580000,75400000,0.5,37700000,,15
15-3-13,3,13,,Libre,580000,75400000,0.5,37700000,,15
15-3-14,3,14,,Libre,580000,75400000,0.5,37700000,,15
15-4-1,4,1,,Libre,650000,84500000,0.5,42250000,,15
15-4-2,4,2,,Libre,650000,84500000,0.5,42250000,,15
15-4-3,4,3,,Libre,650000,84500000,0.5,42250000,,15
15-4-4,4,4,,Cancelado,,0,0.5,0,,15
15-4-5,4,5,,Libre,650000,84500000,0.5,42250000,,15
15-4-6,4,6,,Libre,650000,84500000,0.5,42250000,,15
15-4-7,4,7,,Libre,650000,84500000,0.5,42250000,,15
15-4-8,4,8,,Libre,650000,84500000,0.5,42250000,,15
15-4-9,4,9,,Libre,600000,78000000,0.5,39000000,,15
15-4-10,4,10,,Libre,600000,78000000,0.5,39000000,,15
15-4-11,4,11,,Libre,650000,84500000,0.5,42250000,,15
15-4-12,4,12,,Libre,650000,84500000,0.5,42250000,,15
15-5-1,5,1,,Libre,700000,91000000,0.5,45500000,,15
15-5-2,5,2,,Libre,700000,91000000,0.5,45500000,,15
15-5-3,5,3,,Vendido,,0,0.5,0,,15
15-5-4,5,4,,Vendido,,0,0.5,0,,15
15-5-5,5,5,,Vendido,,0,0.5,0,,15
15-5-6,5,6,,Libre,750000,97500000,0.5,48750000,,15
15-5-7,5,7,,Reserva de propietario,,0,0.5,0,,15
15-5-8,5,8,,Reserva de propietario,,0,0.5,0,,15
15-5-9,5,9,,Reserva de propietario,,0,0.5,0,,15
15-5-10,5,10,,Cancelado,,0,0.5,0,,15
15-5-11,5,11,,Libre,680000,88400000,0.5,44200000,,15
"016-RESIDENCIAL COSTA ARENA
",,,,,,,,,,
16-1-1,1,1,,Anulado,,0,,,,
16-2-1,2,1,,Vendido,,0,0.5,0,,16
16-2-2,2,2,,Vendido,,0,0.5,0,,16
16-2-3,2,3,,Vendido,,0,0.5,0,,16
16-2-4,2,4,,Vendido,,0,0.5,0,,16
16-2-5,2,5,,Vendido,,0,0.5,0,,16
16-2-6,2,6,,Vendido,,0,0.5,0,,16
16-2-7,2,7,,Vendido,,0,0.5,0,,16
16-2-8,2,8,,Vendido,,0,0.5,0,,16
16-2-9,2,9,,Vendido,,0,0.5,0,,16
16-2-10,2,10,,Vendido,,0,0.5,0,,16
16-2-11,2,11,,Vendido,,0,0.5,0,,16
16-2-12,2,12,,Vendido,,0,0.5,0,,16
16-3-1,3,1,,Vendido,550000,71500000,0.5,35750000,,16
16-3-2,3,2,,Vendido,,0,0.5,0,,16
16-3-3,3,3,,Vendido,,0,0.5,0,,16
16-3-4,3,4,,Vendido,,0,0.5,0,,16
16-3-5,3,5,,Vendido,,0,0.5,0,,16
16-3-6,3,6,,Vendido,600000,78000000,0.5,39000000,,16
16-3-7,3,7,,Vendido,600000,78000000,0.5,39000000,,16
16-3-8,3,8,,Vendido,,0,0.5,0,,16
16-3-9,3,9,,Vendido,,0,0.5,0,,16
16-3-10,3,10,,Vendido,,0,0.5,0,,16
16-3-11,3,11,,Vendido,,0,0.5,0,,16
16-3-12,3,12,,Vendido,,0,0.5,0,,16
16-4-1,4,1,,Vendido,,0,0.5,0,,16
16-4-2,4,2,,Vendido,,0,0.5,0,,16
16-4-3,4,3,,Vendido,,0,0.5,0,,16
16-4-4,4,4,,Vendido,,0,0.5,0,,16
16-4-5,4,5,,Vendido,,0,0.5,0,,16
16-4-6,4,6,,Vendido,,0,0.5,0,,16
16-4-7,4,7,,Vendido,,0,0.5,0,,16
16-4-8,4,8,,Vendido,,0,0.5,0,,16
16-4-9,4,9,,Vendido,,0,0.5,0,,16
16-4-10,4,10,,Vendido,,0,0.5,0,,16
16-4-11,4,11,,Vendido,,0,0.5,0,,16
16-4-12,4,12,,Vendido,,0,0.5,0,,16
16-5-1,5,1,,Vendido,,0,0.5,0,,16
16-5-2,5,2,,Vendido,,0,0.5,0,,16
16-5-3,5,3,,Vendido,,0,0.5,0,,16
16-5-4,5,4,,Vendido,,0,0.5,0,,16
16-5-5,5,5,,Vendido,,0,0.5,0,,16
16-5-6,5,6,,Cancelado,,0,0.5,0,,16
16-5-7,5,7,,Vendido,,0,0.5,0,,16
16-5-8,5,8,,Vendido,,0,0.5,0,,16
16-5-9,5,9,,Vendido,,0,0.5,0,,16
16-5-10,5,10,,Vendido,,0,0.5,0,,16
16-5-11,5,11,,Vendido,,0,0.5,0,,16
16-5-12,5,12,,Vendido,,0,0.5,0,,16
16-6-1,6,1,,Plaza,,0,,,,
16-7-1,7,1,,Vendido,,0,0.5,0,,16
16-7-2,7,2,,Cancelado,,0,0.5,0,,16
16-7-3,7,3,,Vendido,,0,0.5,0,,16
16-7-4,7,4,,Vendido,,0,0.5,0,,16
16-7-5,7,5,,Vendido,,0,0.5,0,,16
16-7-6,7,6,,Vendido,,0,0.5,0,,16
16-7-7,7,7,,Vendido,,0,0.5,0,,16
16-7-8,7,8,,Vendido,,0,0.5,0,,16
16-7-9,7,9,,Vendido,,0,0.5,0,,16
16-7-10,7,10,,Vendido,,0,0.5,0,,16
16-7-11,7,11,,Vendido,,0,0.5,0,,16
16-7-12,7,12,,Vendido,,0,0.5,0,,16
16-8-1,8,1,,Vendido,,0,0.5,0,,16
16-8-2,8,2,,Vendido,,0,0.5,0,,16
16-8-3,8,3,,Vendido,,0,0.5,0,,16
16-8-4,8,4,,Vendido,,0,0.5,0,,16
16-8-5,8,5,,Vendido,,0,0.5,0,,16
16-8-6,8,6,,Libre,650000,84500000,0.5,42250000,,16
16-8-7,8,7,,Vendido,,0,0.5,0,,16
16-8-8,8,8,,Vendido,,0,0.5,0,,16
16-8-9,8,9,,Vendido,,0,0.5,0,,16
16-8-10,8,10,,Vendido,,0,0.5,0,,16
16-8-11,8,11,,Vendido,,0,0.5,0,,16
16-8-12,8,12,,Vendido,,0,0.5,0,,16
16-9-1,9,1,,Libre,700000,91000000,0.5,45500000,,16
16-9-2,9,2,,Vendido,,0,0.5,0,,16
16-9-3,9,3,,Vendido,,0,0.5,0,,16
16-9-4,9,4,,Vendido,,0,0.5,0,,16
16-9-5,9,5,,Vendido,,0,0.5,0,,16
16-9-6,9,6,,Vendido,,0,0.5,0,,16
16-9-7,9,7,,Vendido,,0,0.5,0,,16
16-9-8,9,8,,Libre,680000,88400000,0.5,44200000,,16
16-9-9,9,9,,Vendido,,0,0.5,0,,16
16-9-10,9,10,,Vendido,,0,0.5,0,,16
16-9-11,9,11,,Vendido,,0,0.5,0,,16
16-9-12,9,12,,Vendido,,0,0.5,0,,16
16-10-1,10,1,,Vendido,,0,0.5,0,,16
16-10-2,10,2,,Cancelado,,0,0.5,0,,16
16-10-3,10,3,,Vendido,,0,0.5,0,,16
16-10-4,10,4,,Vendido,,0,0.5,0,,16
16-10-5,10,5,,Cancelado,,0,0.5,0,,16
16-10-6,10,6,,Cancelado,,0,0.5,0,,16
16-10-7,10,7,,Cancelado,,0,0.5,0,,16
16-10-8,10,8,,Vendido,,0,0.5,0,,16
16-10-9,10,9,,Vendido,,0,0.5,0,,16
16-10-10,10,10,,Libre,680000,88400000,0.5,44200000,,16
16-10-11,10,11,,Vendido,,0,0.5,0,,16
16-10-12,10,12,,Vendido,,0,0.5,0,,16
16-11-1,11,1,,Vendido,,0,0.5,0,,16
16-11-2,11,2,,Vendido,,0,0.5,0,,16
16-11-3,11,3,,Vendido,,0,0.5,0,,16
16-11-4,11,4,,Vendido,,0,0.5,0,,16
16-11-5,11,5,,Vendido,,0,0.5,0,,16
16-11-6,11,6,,Vendido,,0,0.5,0,,16
16-11-7,11,7,,Vendido,,0,0.5,0,,16
16-11-8,11,8,,Vendido,,0,0.5,0,,16
"017-RESIDENCIAL CUATRO BOCAS
",,,,,,,,,,
17-1-1,1,1,,Vendido,,0,,,,17
17-1-2,1,2,,Vendido,,0,,,,17
17-1-3,1,3,,Vendido,,0,,,,17
17-1-4,1,4,,Vendido,,0,,,,17
17-1-5,1,5,,Vendido,,0,,,,17
17-1-6,1,6,,Vendido,,0,,,,17
17-1-7,1,7,,Vendido,,0,,,,17
17-1-8,1,8,,Vendido,,0,,,,17
17-1-9,1,9,,Vendido,,0,,,,17
17-1-10,1,10,,Vendido,,0,,,,17
17-1-11,1,11,,Vendido,,0,,,,17
17-1-12,1,12,,Vendido,,0,,,,17
17-2-1,2,1,,Vendido,,0,,,,17
17-2-2,2,2,,Vendido,,0,,,,17
17-2-3,2,3,,Vendido,,0,,,,17
17-2-4,2,4,,Vendido,,0,,,,17
17-2-5,2,5,,Vendido,,0,,,,17
17-2-6,2,6,,Vendido,,0,,,,17
17-2-7,2,7,,Vendido,,0,,,,17
17-2-8,2,8,,Vendido,,0,,,,17
17-2-9,2,9,,Vendido,,0,,,,17
17-2-10,2,10,,Vendido,,0,,,,17
17-3-1,3,1,,Vendido,,0,,,,17
17-3-2,3,2,,Vendido,,0,,,,17
17-3-3,3,3,,Vendido,,0,,,,17
17-3-4,3,4,,Libre,650000,84500000,,,,17
17-3-5,3,5,,Libre,650000,84500000,,,,17
17-3-6,3,6,,Libre,650000,84500000,,,,17
17-3-7,3,7,,Libre,650000,84500000,,,,17
17-3-8,3,8,,Libre,650000,84500000,,,,17
17-3-9,3,9,,Libre,650000,84500000,,,,17
17-3-10,3,10,,Vendido,,0,,,,17
17-4-1,4,1,,Vendido,,0,,,,17
17-4-2,4,2,,Vendido,,0,,,,17
17-4-3,4,3,,Libre,600000,78000000,,,,17
17-4-4,4,4,,Libre,600000,78000000,,,,17
17-4-5,4,5,,Libre,600000,78000000,,,,17
17-4-6,4,6,,Libre,600000,78000000,,,,17
17-4-7,4,7,,Vendido,,0,,,,17
17-4-8,4,8,,Vendido,,0,,,,17
17-4-9,4,9,,Vendido,,0,,,,17
17-4-10,4,10,,Vendido,,0,,,,17
17-4-11,4,11,,Vendido,,0,,,,17
17-5-1,5,1,,Vendido,,0,,,,17
17-5-2,5,2,,Vendido,,0,,,,17
17-5-3,5,3,,Vendido,,0,,,,17
17-5-4,5,4,,Vendido,,0,,,,17
17-5-5,5,5,,Vendido,,0,,,,17
17-5-6,5,6,,Vendido,,0,,,,17
17-5-7,5,7,,Vendido,,0,,,,17
17-5-8,5,8,,Vendido,,0,,,,17
17-5-9,5,9,,Vendido,,0,,,,17
17-5-10,5,10,,Vendido,,0,,,,17
17-5-11,5,11,,Vendido,,0,,,,17
17-6-1,6,1,,Vendido,,0,,,,17
17-6-2,6,2,,Vendido,,0,,,,17
17-6-3,6,3,,Cancelado,,0,,,,17
17-6-4,6,4,,Vendido,,0,,,,17
17-6-5,6,5,,Vendido,,0,,,,17
17-6-6,6,6,,Vendido,,0,,,,17
17-6-7,6,7,,Vendido,,0,,,,17
17-6-8,6,8,,Vendido,,0,,,,17
17-6-9,6,9,,Vendido,,0,,,,17
17-6-10,6,10,,Vendido,,0,,,,17
17-6-11,6,11,,Vendido,,0,,,,17
17-7-1,7,1,,Vendido,,0,,,,17
17-7-2,7,2,,Vendido,,0,,,,17
17-7-3,7,3,,Vendido,,0,,,,17
17-7-4,7,4,,Vendido,,0,,,,17
17-7-5,7,5,,Vendido,,0,,,,17
17-7-6,7,6,,Vendido,,0,,,,17
17-7-7,7,7,,Vendido,,0,,,,17
17-7-8,7,8,,Vendido,,0,,,,17
17-7-9,7,9,,Vendido,,0,,,,17
17-7-10,7,10,,Vendido,,0,,,,17
17-7-11,7,11,,Vendido,,0,,,,17
17-8-1,8,1,,Vendido,,0,,,,17
17-8-2,8,2,,Libre,500000,65000000,,,,17
17-8-3,8,3,,Libre,500000,65000000,,,,17
17-8-4,8,4,,Vendido,,0,,,,17
17-8-5,8,5,,Libre,550000,71500000,,,,17
17-8-6,8,6,,Vendido,,0,,,,17
17-8-7,8,7,,Vendido,,0,,,,17
17-8-8,8,8,,Vendido,,0,,,,17
17-8-9,8,9,,Vendido,,0,,,,17
17-8-10,8,10,,Vendido,,0,,,,17
17-9-1,9,1,,Libre,800000,104000000,,,,17
17-9-2,9,2,,Vendido,,0,,,,17
17-9-3,9,3,,Vendido,,0,,,,17
17-9-4,9,4,,Vendido,,0,,,,17
17-9-5,9,5,,Libre,550000,71500000,,,,17
17-9-6,9,6,,Libre,550000,71500000,,,,17
17-9-7,9,7,,Vendido,,0,,,,17
17-9-8,9,8,,Vendido,,0,,,,17
17-9-9,9,9,,Vendido,,0,,,,17
17-9-10,9,10,,Vendido,,0,,,,17
17-10-1,10,1,,Vendido,,0,,,,17
17-10-2,10,2,,Vendido,,0,,,,17
17-10-3,10,3,,Libre,650000,84500000,,,,17
17-10-4,10,4,,Libre,650000,84500000,,,,17
17-10-5,10,5,,Libre,650000,84500000,,,,17
17-10-6,10,6,,Libre,650000,84500000,,,,17
17-10-7,10,7,,Libre,650000,84500000,,,,17
17-10-8,10,8,,Libre,650000,84500000,,,,17
17-10-9,10,9,,Libre,650000,84500000,,,,17
17-10-10,10,10,,Libre,650000,84500000,,,,17
17-10-11,10,11,,Libre,650000,84500000,,,,17
17-10-12,10,12,,Vendido,,0,,,,17
17-10-13,10,13,,Vendido,,0,,,,17
17-E-12,,,,Plaza,,0,,,,
17-F-12,,,,Plaza,,0,,,,
"018-RESIDENCIAL SALADO I
",,,,,,,,,,
18-1-1,1,1,360.58,Vendido,,0,0.5,0,,18
18-1-2,1,2,368.61,Vendido,,0,0.5,0,,18
18-1-3,1,3,377.22,Vendido,,0,0.5,0,,18
"019-RESIDENCIAL SALADO II
",,,,,,,,,,
19-1-1,1,1,374.86,Vendido,,0,0.5,0,,19
19-1-2,1,2,373.46,Vendido,,0,0.5,0,,19
19-1-3,1,3,366.43,Vendido,,0,0.5,0,,19
19-1-4,1,4,,Vendido,,0,0.5,0,,19
19-1-5,1,5,426.86,Vendido,,0,0.5,0,,19
19-1-6,1,6,497.2,Vendido,,0,0.5,0,,19
19-1-7,1,7,381.1,Vendido,,0,0.5,0,,19
19-1-8,1,8,361.64,Vendido,,0,0.5,0,,19
19-1-9,1,9,369.64,Vendido,,0,0.5,0,,19
19-1-10,1,10,372.43,Vendido,,0,0.5,0,,19
"020-ECO BARRIO NACIENTES DE YTU
",,,,,,,,,,
20-1-1,1,1,,Vendido,,0,0.5,0,,20
20-1-2,1,2,,Vendido,,0,0.5,0,,20
20-1-3,1,3,,Libre,480000,62400000,0.5,31200000,,20
20-1-4,1,4,,Vendido,480000,62400000,0.5,31200000,,20
20-1-5,1,5,,Vendido,,0,0.5,0,,20
20-1-6,1,6,,Vendido,,0,0.5,0,,20
20-1-7,1,7,,Vendido,,0,0.5,0,,20
20-1-8,1,8,,Anulado,480000,62400000,0.5,31200000,,20
20-1-9,1,9,360.78,Anulado,480000,62400000,0.5,31200000,,20
20-1-10,1,10,,Vendido,,0,0.5,0,,20
20-1-11,1,11,,Vendido,,0,0.5,0,,20
20-1-12,1,12,,Vendido,,0,0.5,0,,20
20-1-13,1,13,,Vendido,,0,0.5,0,,20
20-1-14,1,14,,Vendido,,0,0.5,0,,20
20-1-15,1,15,,Vendido,,0,0.5,0,,20
20-1-16,1,16,,Vendido,,0,0.5,0,,20
20-1-17,1,17,,Reserva de propietario,,0,0.5,0,,20
20-1-18,1,18,,Reserva de propietario,,0,0.5,0,,20
20-1-19,1,19,,Reserva de propietario,,0,0.5,0,,20
20-1-20,1,20,,Reserva de propietario,,0,0.5,0,,20
20-1-21,1,21,,Anulado,460000,59800000,0.5,29900000,,20
20-1-22,1,22,,Vendido,450000,58500000,0.5,29250000,,20
20-1-23,1,23,,Vendido,,0,0.5,0,,20
20-1-24,1,24,,Vendido,,0,0.5,0,,20
20-1-25,1,25,,Anulado,430000,55900000,0.5,27950000,,20
20-1-26,1,26,,Libre,430000,55900000,0.5,27950000,,20
20-1-27,1,27,,Libre,450000,58500000,0.5,29250000,,20
20-1-28,1,28,,Libre,450000,58500000,0.5,29250000,,20
20-1-29,1,29,,Libre,450000,58500000,0.5,29250000,,20
20-1-30,1,30,,Vendido,,0,0.5,0,,20
20-1-31,1,31,,Vendido,,0,0.5,0,,20
20-1-32,1,32,,Vendido,,0,0.5,0,,20
20-1-33,1,33,,Vendido,,0,0.5,0,,20
20-1-34,1,34,,Vendido,,0,0.5,0,,20
20-1-35,1,35,,Vendido,,0,0.5,0,,20
20-1-36,1,36,,Vendido,,0,0.5,0,,20
"022-RESIDENCIAL PANAMBI
",,,,,,,,,,
22-1-1,1,1,,Cancelado,,0,0.5,0,,22
22-1-2,1,2,,Vendido,800000,104000000,0.5,52000000,,22
22-1-3,1,3,,Vendido,,0,0.5,0,,22
22-1-4,1,4,,Vendido,,0,0.5,0,,22
22-1-5,1,5,,Vendido,,0,0.5,0,,22
22-1-6,1,6,,Vendido,,0,0.5,0,,22
22-1-7,1,7,,Vendido,,0,0.5,0,,22
22-1-8,1,8,,Vendido,,0,0.5,0,,22
22-1-9,1,9,,Vendido,,0,0.5,0,,22
22-1-10,1,10,,Vendido,,0,0.5,0,,22
22-1-11,1,11,,Vendido,,0,0.5,0,,22
22-1-12,1,12,,Vendido,650000,84500000,0.5,42250000,,22
22-1-13,1,13,,Anulado,650000,84500000,0.5,42250000,,22
22-1-14,1,14,,Vendido,,0,0.5,0,,22
22-1-15,1,15,,Vendido,630000,81900000,0.5,40950000,,22
22-1-16,1,16,,Vendido,,0,0.5,0,,22
22-1-17,1,17,,Vendido,,0,0.5,0,,22
"023-ECO BARRIO CERRO VISTA
",,,,,,,,,,
23-1-1,1,1,362.01,Vendido,,0,0.3,,,23
23-1-2,1,2,362.87,Libre,330000,42900000,0.3,30029999.999999996,,23
23-1-3,1,3,36.63,Vendido,,0,0.3,0,,23
23-1-4,1,4,360.32,Libre,300000,39000000,0.3,27300000,,23
23-1-5,1,5,361.52,Libre,300000,39000000,0.3,27300000,,23
23-1-6,1,6,362.7,Libre,300000,39000000,0.3,27300000,,23
23-1-7,1,7,360.76,Vendido,,0,0.3,0,,23
23-1-8,1,8,471.78,Libre,300000,39000000,0.3,27300000,,23
23-1-9,1,9,400.88,Libre,380000,49400000,0.3,34580000,,23
23-1-10,1,10,492.45,Vendido,,0,0.3,0,,23
23-1-11,1,11,503.81,Vendido,,0,0.3,0,,23
23-1-12,1,12,479.38,Libre,350000,45500000,0.3,31849999.999999996,,23
23-1-13,1,13,472.99,Vendido,,0,0.3,0,,23
23-1-14,1,14,404.78,Vendido,,0,0.3,0,,23
23-1-15,1,15,419.76,Libre,330000,42900000,0.3,30029999.999999996,,23
23-1-16,1,16,393.75,Libre,330000,42900000,0.3,30029999.999999996,,23
23-2-1,2,1,427.55,Vendido,330000,42900000,0.3,30029999.999999996,,23
23-2-2,2,2,448.93,Vendido,,0,0.3,0,,23
23-2-3,2,3,360.91,Vendido,,0,0.3,0,,23
23-2-4,2,4,360.91,Vendido,,0,0.3,0,,23
23-2-5,2,5,360.91,Vendido,,0,0.3,0,,23
23-2-6,2,6,360.91,Vendido,,0,0.3,0,,23
23-2-7,2,7,360.91,Vendido,,0,0.3,0,,23
23-2-8,2,8,360.91,Vendido,,0,0.3,0,,23
23-2-9,2,9,360.91,Vendido,,0,0.3,0,,23
23-2-10,2,10,360.91,Vendido,,0,0.3,0,,23
23-2-11,2,11,360.34,Libre,350000,45500000,0.3,31849999.999999996,,23
23-2-12,2,12,360.34,Vendido,,0,0.3,0,,23
23-2-13,2,13,360.34,Vendido,,0,0.3,0,,23
23-2-14,2,14,360.34,Vendido,,0,0.299999999999999,0,,23
23-2-15,2,15,360.91,Vendido,,0,0.299999999999999,0,,23
23-2-16,2,16,360.91,Vendido,,0,0.299999999999999,0,,23
23-2-17,2,17,360.91,Vendido,,0,0.299999999999999,0,,23
23-2-18,2,18,360.91,Vendido,,0,0.299999999999999,0,,23
23-2-19,2,19,360.91,Libre,320000,41600000,0.3,29120000,,23
23-2-20,2,20,360.91,Vendido,,0,0.299999999999999,0,,23
23-2-21,2,21,360.91,Libre,300000,39000000,0.3,27300000,,23
23-2-22,2,22,360.91,Libre,300000,39000000,0.3,27300000,,23
23-3-1,3,1,464.17,Libre,400000,52000000,0.299999999999999,36400000,,23
23-3-2,3,2,463.26,Libre,350000,45500000,0.299999999999999,31849999.999999996,,23
23-3-3,3,3,360.91,Libre,320000,41600000,0.299999999999999,29120000,,23
23-3-4,3,4,360.91,Libre,320000,41600000,0.3,29120000,,23
23-3-5,3,5,360.91,Libre,320000,41600000,0.3,29120000,,23
23-3-6,3,6,360.91,Libre,320000,41600000,0.3,29120000,,23
23-3-7,3,7,360.91,Libre,320000,41600000,0.3,29120000,,23
23-3-8,3,8,360.91,Libre,320000,41600000,0.3,29120000,,23
23-3-9,3,9,360.91,Libre,320000,41600000,0.3,29120000,,23
23-3-10,3,10,360.91,Libre,320000,41600000,0.3,29120000,,23
23-3-11,3,11,360.91,Libre,320000,41600000,0.3,29120000,,23
23-3-12,3,12,360.91,Libre,320000,41600000,0.3,29120000,,23
23-3-13,3,13,360.91,Libre,320000,41600000,0.3,29120000,,23
23-3-14,3,14,360.34,Libre,410000,53300000,0.3,37310000,,23
23-3-15,3,15,360.34,Libre,330000,42900000,0.3,30029999.999999996,,23
23-3-16,3,16,360.34,Vendido,,0,0.299999999999999,0,,23
23-3-17,3,17,360.34,Vendido,,0,0.299999999999999,0,,23
23-3-18,3,18,360.91,Libre,370000,48100000,0.3,33670000,,23
23-3-19,3,19,360.91,Libre,370000,48100000,0.3,33670000,,23
23-3-20,3,20,360.91,Libre,370000,48100000,0.3,33670000,,23
23-3-21,3,21,360.91,Vendido,,0,0.299999999999999,0,,23
23-3-22,3,22,360.91,Libre,370000,48100000,0.3,33670000,,23
23-3-23,3,23,360.91,Libre,370000,48100000,0.3,33670000,,23
23-3-24,3,24,360.91,Libre,370000,48100000,0.3,33670000,,23
23-3-25,3,25,360.91,Libre,450000,58500000,0.3,40950000,,23
23-3-26,3,26,360.91,Libre,370000,48100000,0.3,33670000,,23
23-3-27,3,27,360.91,Libre,370000,48100000,0.3,33670000,,23
23-3-28,3,28,360.91,Vendido,,0,0.299999999999999,0,,23
23-4-1,4,1,466.66,Vendido,,0,0.299999999999999,0,,23
23-4-2,4,2,465.83,Libre,400000,52000000,0.3,36400000,,23
23-4-3,4,3,360.91,Libre,370000,48100000,0.3,33670000,,23
23-4-4,4,4,360.91,Libre,370000,48100000,0.3,33670000,,23
23-4-5,4,5,360.91,Libre,370000,48100000,0.3,33670000,,23
23-4-6,4,6,360.91,Libre,370000,48100000,0.3,33670000,,23
23-4-7,4,7,360.91,Libre,370000,48100000,0.3,33670000,,23
23-4-8,4,8,360.91,Libre,370000,48100000,0.3,33670000,,23
23-4-9,4,9,360.91,Libre,370000,48100000,0.3,33670000,,23
23-4-10,4,10,360.91,Libre,370000,48100000,0.3,33670000,,23
23-4-11,4,11,360.91,Libre,370000,48100000,0.3,33670000,,23
23-4-12,4,12,360.91,Libre,370000,48100000,0.3,33670000,,23
23-4-13,4,13,360.91,Libre,370000,48100000,0.3,33670000,,23
23-4-14,4,14,360.34,Libre,380000,49400000,0.3,34580000,,23
23-4-15,4,15,360.34,Libre,350000,45500000,0.3,31849999.999999996,,23
23-4-16,4,16,360.34,Libre,350000,45500000,0.3,31849999.999999996,,23
23-4-17,4,17,360.34,Libre,360000,46800000,0.3,32759999.999999996,,23
23-4-18,4,18,360.91,Libre,340000,44200000,0.3,30939999.999999996,,23
23-4-19,4,19,360.91,Libre,340000,44200000,0.3,30939999.999999996,,23
23-4-20,4,20,360.91,Libre,340000,44200000,0.3,30939999.999999996,,23
23-4-21,4,21,360.91,Libre,340000,44200000,0.3,30939999.999999996,,23
23-4-22,4,22,360.91,Libre,340000,44200000,0.3,30939999.999999996,,23
23-4-23,4,23,360.91,Libre,340000,44200000,0.3,30939999.999999996,,23
23-4-24,4,24,360.91,Libre,340000,44200000,0.3,30939999.999999996,,23
23-4-25,4,25,360.91,Libre,340000,44200000,0.3,30939999.999999996,,23
23-4-26,4,26,360.91,Libre,340000,44200000,0.3,30939999.999999996,,23
23-4-27,4,27,360.91,Libre,340000,44200000,0.3,30939999.999999996,,23
23-4-28,4,28,360.91,Libre,340000,44200000,0.3,30939999.999999996,,23
23-5-1,5,1,360.13,Vendido,,0,0.299999999999999,0,,23
23-5-2,5,2,369.96,Vendido,,0,0.299999999999999,0,,23
23-5-3,5,3,360.42,Libre,330000,42900000,0.3,30029999.999999996,,23
23-5-4,5,4,360.42,Libre,330000,42900000,0.3,30029999.999999996,,23
23-5-5,5,5,360.24,Libre,330000,42900000,0.3,30029999.999999996,,23
23-5-6,5,6,360.52,Libre,330000,42900000,0.3,30029999.999999996,,23
23-5-7,5,7,360.23,Libre,330000,42900000,0.3,30029999.999999996,,23
23-5-8,5,8,360.13,Libre,330000,42900000,0.3,30029999.999999996,,23
23-5-9,5,9,360.35,Libre,350000,45500000,0.3,31849999.999999996,,23
23-5-10,5,10,394.36,Libre,340000,44200000,0.3,30939999.999999996,,23
23-P-1,,,,Plaza,,0,,0,,
23-P-2,,,,Plaza,,0,,0,,
23-P-3,,,,Plaza,,0,,0,,
"024-RESIDENCIAL EL PROGRESO
",,,,,,,,,,
24-1-1,1,1,402.24,Libre,350000,45500000,0.4,27300000,,24
24-1-2,1,2,369.22,Libre,380000,49400000,0.4,29640000,,24
24-1-3,1,3,363.52,Libre,430000,55900000,0.4,33540000,,24
24-1-4,1,4,363.52,Vendido,,0,0.4,0,,24
24-1-5,1,5,363.52,Vendido,,0,0.4,0,,24
24-1-6,1,6,363.52,Vendido,,0,0.4,0,,24
24-1-7,1,7,363.52,Cancelado,,0,0.4,0,,24
24-1-8,1,8,363.52,Vendido,,0,0.4,0,,24
24-1-9,1,9,363.52,Vendido,,0,0.4,0,,24
24-1-10,1,10,363.52,Vendido,,0,0.4,0,,24
24-1-11,1,11,363.52,Vendido,,0,0.4,0,,24
24-1-12,1,12,360.03,Vendido,,0,0.4,0,,24
24-1-13,1,13,360,Vendido,,0,0.4,0,,24
24-1-14,1,14,360.24,Vendido,,0,0.4,0,,24
24-1-15,1,15,562.43,Vendido,,0,0.4,0,,24
24-1-16,1,16,535.69,Vendido,,0,0.4,0,,24
24-1-17,1,17,501.67,Libre,370000,48100000,0.4,28860000,,24
24-1-18,1,18,451.64,Libre,400000,52000000,0.4,31200000,,24
24-1-19,1,19,401.61,Libre,350000,45500000,0.4,27300000,,24
24-1-20,1,20,365.49,Libre,400000,52000000,0.4,31200000,,24
24-2-1,2,1,454.4,Libre,430000,55900000,0.4,33540000,,24
24-2-2,2,2,377.53,Vendido,,0,0.4,0,,24
24-2-3,2,3,378.21,Vendido,,0,0.4,0,,24
24-2-4,2,4,378.89,Cancelado,,0,0.4,0,,24
24-2-5,2,5,379.57,Vendido,,0,0.4,0,,24
24-2-6,2,6,380.25,Vendido,,0,0.4,0,,24
24-2-7,2,7,380.93,Vendido,,0,0.4,0,,24
24-2-8,2,8,381.62,Vendido,,0,0.4,0,,24
24-2-9,2,9,382.3,Vendido,,0,0.4,0,,24
24-2-10,2,10,382.98,Vendido,,0,0.4,0,,24
24-2-11,2,11,383.66,Libre,450000,58500000,0.4,35100000,,24
24-2-12,2,12,384.34,Vendido,,0,0.4,0,,24
24-2-13,2,13,385.02,Libre,450000,58500000,0.4,35100000,,24
24-2-14,2,14,385.7,Vendido,,0,0.4,0,,24
24-2-15,2,15,386.38,Vendido,,0,0.4,0,,24
24-2-16,2,16,387.74,Libre,550000,71500000,0.4,42900000,,24
24-2-17,2,17,387.74,Vendido,,0,0.4,0,,24
24-2-18,2,18,388.42,Vendido,,0,0.4,0,,24
24-2-19,2,19,441.01,Libre,1945000,252850000,0.4,151710000,299800000,24
24-2-20,2,20,457.24,Libre,2335000,303550000,0.4,182130000,359400000,24
24-2-21,2,21,951.32,Libre,4280000,556400000,0.4,333840000,659200000,24
24-2-22,2,22,578.58,Libre,1560000,202800000,0.4,121680000,238400000,24
24-2-23,2,23,374.63,Libre,1560000,202800000,0.4,121680000,238400000,24
24-2-24,2,24,509.43,Libre,1560000,202800000,0.4,121680000,238400000,24
24-3-1,3,1,360.3,Vendido,,0,0.4,0,,24
24-3-2,3,2,361.95,Libre,520000,67600000,0.4,40560000,,24
24-3-3,3,3,361.95,Libre,480000,62400000,0.4,37440000,,24
24-3-4,3,4,361.95,Vendido,,0,0.4,0,,24
24-3-5,3,5,361.95,Libre,500000,65000000,0.4,39000000,,24
24-3-6,3,6,361.95,Libre,500000,65000000,0.4,39000000,,24
24-3-7,3,7,361.95,Vendido,,0,0.4,0,,24
24-3-8,3,8,361.95,Vendido,,0,0.4,0,,24
24-3-9,3,9,361.95,Vendido,,0,0.4,0,,24
24-3-10,3,10,421.81,Vendido,,0,0.4,0,,24
24-3-11,3,11,392.66,Vendido,,0,0.4,0,,24
24-3-12,3,12,368.45,Vendido,,0,0.4,0,,24
24-3-13,3,13,420.96,Vendido,,0,0.4,0,,24
24-3-14,3,14,378.64,Vendido,,0,0.4,0,,24
24-3-15,3,15,360.58,Vendido,,0,0.4,0,,24
24-3-16,3,16,360.91,Vendido,,0,0.4,0,,24
24-3-17,3,17,360.02,Vendido,,0,0.4,0,,24
24-3-18,3,18,360.72,Vendido,,0,0.4,0,,24
24-3-19,3,19,360.29,Libre,450000,58500000,0.4,35100000,,24
24-1-21,,,,Plaza,,0,,0,,
"025-ECO BARRIO ISLA VERDE
",,,,,,,,,,
25-1-1,1,1,,Vendido,,0,0.5,0,,25
25-1-2,1,2,,Vendido,,0,0.5,0,,25
25-1-3,1,3,,Vendido,,0,0.5,0,,25
25-1-4,1,4,,Vendido,,0,0.5,0,,25
25-1-5,1,5,,Vendido,,0,0.5,0,,25
25-1-6,1,6,,Vendido,,0,0.5,0,,25
25-1-7,1,7,,Vendido,,0,0.5,0,,25
25-1-8,1,8,,Vendido,,0,0.5,0,,25
25-1-9,1,9,,Vendido,,0,0.5,0,,25
25-1-10,1,10,,Vendido,,0,0.5,0,,25
25-1-11,1,11,,Vendido,,0,0.5,0,,25
25-1-12,1,12,,Vendido,,0,0.5,0,,25
25-1-13,1,13,,Vendido,,0,0.5,0,,25
25-1-14,1,14,,Vendido,,0,0.5,0,,25
25-1-15,1,15,,Libre,300000,39000000,0.5,19500000,,25
25-1-16,1,16,,Vendido,,0,0.5,0,,25
25-1-17,1,17,,Vendido,,0,0.5,0,,25
25-1-18,1,18,,Vendido,330000,42900000,0.5,21450000,,25
25-1-19,1,19,,Vendido,,0,0.5,0,,25
25-1-20,1,20,,Vendido,,0,0.5,0,,25
25-1-21,1,21,,Vendido,,0,0.5,0,,25
25-1-22,1,22,,Vendido,,0,0.5,0,,25
25-1-23,1,23,,Vendido,,0,0.5,0,,25
25-1-24,1,24,,Vendido,,0,0.5,0,,25
25-2-1,2,1,,Vendido,,0,0.5,0,,25
25-2-2,2,2,,Vendido,,0,0.5,0,,25
25-2-3,2,3,,Vendido,,0,0.5,0,,25
25-2-4,2,4,,Plaza,,0,0.5,0,,25
25-2-5,2,5,,Vendido,,0,0.5,0,,25
25-2-6,2,6,,Libre,330000,42900000,0.5,21450000,,25
25-2-7,2,7,,Vendido,,0,0.5,0,,25
25-2-8,2,8,,Vendido,,0,0.5,0,,25
25-2-9,2,9,,Vendido,,0,0.5,0,,25
25-2-10,2,10,,Vendido,,0,0.5,0,,25
25-2-11,2,11,,Vendido,,0,0.5,0,,25
25-2-12,2,12,,Vendido,,0,0.5,0,,25
25-2-13,2,13,,Vendido,,0,0.5,0,,25
"026-RESIDENCIAL VILLA VERDE
",,,,,,,,,,
26-1-1,1,1,382,Vendido,,0,0.5,0,,26
26-1-2,1,2,486,Vendido,,0,0.5,0,,26
26-1-3,1,3,361,Libre,550000,71500000,0.5,35750000,,26
26-1-4,1,4,361,Vendido,,0,0.5,0,,26
26-1-5,1,5,361,Vendido,,0,0.5,0,,26
26-1-6,1,6,361,Vendido,,0,0.5,0,,26
26-1-7,1,7,361,Vendido,,0,0.5,0,,26
26-1-8,1,8,377,Libre,600000,78000000,0.5,39000000,,26
26-1-9,1,9,399,Vendido,,0,0.5,0,,26
26-1-10,1,10,397,Vendido,,0,0.5,0,,26
26-1-11,1,11,373,Vendido,,0,0.5,0,,26
26-1-12,1,12,364,Vendido,,0,0.5,0,,26
26-1-13,1,13,360,Vendido,,0,0.5,0,,26
26-1-14,1,14,360,Vendido,,0,0.5,0,,26
26-1-15,1,15,360,Vendido,650000,84500000,0.5,42250000,,26
26-1-16,1,16,360,Vendido,680000,88400000,0.5,44200000,,26
26-1-17,1,17,360,Libre,500000,65000000,0.5,32500000,,26
26-1-18,1,18,360,Vendido,,0,0.5,0,,26
26-1-19,1,19,360,Vendido,,0,0.5,0,,26
26-1-20,1,20,360,Vendido,,0,0.5,0,,26
26-1-21,1,21,360,Vendido,450000,58500000,0.5,29250000,,26
26-1-22,1,22,360,Vendido,,0,0.5,0,,26
26-1-23,1,23,360,Vendido,450000,58500000,0.5,29250000,,26
26-1-24,1,24,360,Vendido,450000,58500000,0.5,29250000,,26
26-1-25,1,25,360,Vendido,,0,0.5,0,,26
26-2-1,2,1,515,Vendido,,0,0.5,0,,26
26-2-2,2,2,415,Vendido,,0,0.5,0,,26
26-2-3,2,3,360,Vendido,,0,0.5,0,,26
26-2-4,2,4,360,Libre,530000,68900000,0.5,34450000,,26
26-2-5,2,5,360,Libre,550000,71500000,0.5,35750000,,26
26-2-6,2,6,360,Vendido,,0,0.5,0,,26
26-2-7,2,7,360,Vendido,,0,0.5,0,,26
26-2-8,2,8,360,Vendido,,0,0.5,0,,26
26-2-9,2,9,360,Vendido,550000,71500000,0.5,35750000,,26
26-2-10,2,10,360,Vendido,,0,0.5,0,,26
26-2-11,2,11,360,Vendido,,0,0.5,0,,26
26-2-12,2,12,395,Vendido,,0,0.5,0,,26
26-2-13,2,13,382,Vendido,,0,0.5,0,,26
26-2-14,2,14,360,Vendido,,0,0.5,0,,26
26-2-15,2,15,360,Vendido,,0,0.5,0,,26
26-2-16,2,16,361,Vendido,,0,0.5,0,,26
26-2-17,2,17,361,Vendido,,0,0.5,0,,26
26-2-18,2,18,361,Vendido,,0,0.5,0,,26
26-2-19,2,19,361,Vendido,,0,0.5,0,,26
26-2-20,2,20,362,Libre,550000,71500000,0.5,35750000,,26
26-2-21,2,21,362,Vendido,,0,0.5,0,,26
26-2-22,2,22,362,Vendido,,0,0.5,0,,26
26-1-26,,,,Plaza,,0,,,,
"027-RESIDENCIAL NUEVO AMANECER II
",,,,,,,,,,
27-1-1,1,1,369.25,Libre,950000,123500000,0.5,61750000,,27
27-1-2,1,2,369.07,Vendido,,0,0.5,0,,27
27-1-3,1,3,367.74,Libre,1000000,130000000,0.5,65000000,,27
27-2-1,2,1,362.92,Vendido,,0,0.5,0,,27
27-2-2,2,2,365.84,Vendido,,0,0.5,0,,27
27-2-3,2,3,368.77,Vendido,,0,0.5,0,,27
27-2-4,2,4,371.69,Vendido,,0,0.5,0,,27
27-2-5,2,5,364.07,Vendido,,0,0.5,0,,27
"028-ESPERANZA I
",,,,,,,,,,
28-10-1,10,1,571.61,Vendido,,0,0.4,0,,28
28-11-3,11,3,360,Vendido,,0,0.4,0,,28
28-11-4,11,4,360,Vendido,230000,29900000,0.4,17940000,,28
28-11-5,11,5,360,Libre,300000,39000000,0.4,23400000,,28
28-11-6,11,6,360,Libre,350000,45500000,0.4,27300000,,28
28-11-7,11,7,360.72,Libre,400000,52000000,0.4,31200000,,28
28-11-8,11,8,360.72,Libre,400000,52000000,0.4,31200000,,28
28-11-9,11,9,360.72,Libre,400000,52000000,0.4,31200000,,28
28-11-10,11,10,360,Libre,350000,45500000,0.4,27300000,,28
28-11-11,11,11,360,Vendido,,0,0.4,0,,28
28-11-12,11,12,360,Vendido,,0,0.4,0,,28
28-11-13,11,13,360,Vendido,,0,0.4,0,,28
28-12-1,12,1,361.84,Vendido,,0,0.4,0,,28
28-12-2,12,2,360.02,Vendido,,0,0.4,0,,28
28-12-3,12,3,360.02,Libre,350000,45500000,0.4,27300000,,28
28-12-4,12,4,360,Libre,400000,52000000,0.4,31200000,,28
28-12-5,12,5,360,Libre,350000,45500000,0.4,27300000,,28
28-12-6,12,6,360,Vendido,,0,0.4,0,,28
28-12-7,12,7,360,Vendido,,0,0.4,0,,28
28-12-8,12,8,360.02,Vendido,,0,0.4,0,,28
28-12-9,12,9,360.02,Vendido,,0,0.4,0,,28
28-12-10,12,10,360.17,Vendido,,0,0.4,0,,28
28-12-11,12,11,362.18,Vendido,,0,0.4,0,,28
28-12-12,12,12,363.59,Vendido,,0,0.4,0,,28
28-11-1,,,,Edificio Publico,,0,,,,
28-11-2,,,,Plaza,,0,,,,
"029-ESPERANZA II
",,,,,,,,,,
29-13-1,13,1,,Libre,600000,78000000,0.4,46800000,,29
29-13-2,13,2,,Libre,550000,71500000,0.4,42900000,,29
29-13-3,13,3,,Libre,550000,71500000,0.4,42900000,,29
29-13-4,13,4,,Libre,550000,71500000,0.4,42900000,,29
29-13-5,13,5,,Libre,600000,78000000,0.4,46800000,,29
29-13-6,13,6,,Libre,420000,54600000,0.4,32760000,,29
29-13-7,13,7,,Libre,420000,54600000,0.4,32760000,,29
29-13-8,13,8,,Libre,420000,54600000,0.4,32760000,,29
29-13-9,13,9,,Libre,450000,58500000,0.4,35100000,,29
29-13-10,13,10,,Libre,400000,52000000,0.4,31200000,,29
29-13-11,13,11,,Libre,400000,52000000,0.4,31200000,,29
29-13-12,13,12,,Libre,400000,52000000,0.4,31200000,,29
29-13-13,13,13,,Libre,420000,54600000,0.4,32760000,,29
29-13-14,13,14,,Libre,420000,54600000,0.4,32760000,,29
29-13-15,13,15,,Libre,420000,54600000,0.4,32760000,,29
29-13-16,13,16,,Libre,420000,54600000,0.4,32760000,,29
29-14-1,14,1,,Libre,600000,78000000,0.4,46800000,,29
29-14-2,14,2,,Libre,550000,71500000,0.4,42900000,,29
29-14-3,14,3,,Libre,550000,71500000,0.4,42900000,,29
29-14-4,14,4,,Libre,550000,71500000,0.4,42900000,,29
29-14-5,14,5,,Libre,600000,78000000,0.4,46800000,,29
29-14-6,14,6,,Libre,420000,54600000,0.4,32760000,,29
29-14-7,14,7,,Libre,420000,54600000,0.4,32760000,,29
29-14-8,14,8,,Libre,450000,58500000,0.4,35100000,,29
29-14-9,14,9,,Libre,400000,52000000,0.4,31200000,,29
29-14-10,14,10,,Libre,400000,52000000,0.4,31200000,,29
29-14-11,14,11,,Libre,470000,61100000,0.4,36660000,,29
29-14-12,14,12,,Libre,420000,54600000,0.4,32760000,,29
29-14-13,14,13,,Libre,370000,48100000,0.4,28860000,,29
29-15-1,15,1,,Reserva de propietario,,0,0.4,0,,29
29-15-2,15,2,,Reserva de propietario,,0,0.4,0,,29
29-15-3,15,3,,Reserva de propietario,,0,0.4,0,,29
29-15-4,15,4,,Reserva de propietario,,0,0.4,0,,29
29-16-1,16,1,,Libre,420000,54600000,0.4,32760000,,29
29-16-2,16,2,,Libre,400000,52000000,0.4,31200000,,29
29-16-3,16,3,,Libre,400000,52000000,0.4,31200000,,29
29-16-4,16,4,,Libre,400000,52000000,0.4,31200000,,29
29-16-5,16,5,,Libre,400000,52000000,0.4,31200000,,29
29-16-6,16,6,,Libre,600000,78000000,0.4,46800000,,29
29-16-7,16,7,,Libre,550000,71500000,0.4,42900000,,29
29-16-8,16,8,,Libre,550000,71500000,0.4,42900000,,29
29-16-9,16,9,,Libre,550000,71500000,0.4,42900000,,29
29-16-10,16,10,,Libre,550000,71500000,0.4,42900000,,29
29-16-11,16,11,,Libre,550000,71500000,0.4,42900000,,29
29-16-12,16,12,,Libre,550000,71500000,0.4,42900000,,29
29-16-13,16,13,,Libre,600000,78000000,0.4,46800000,,29
29-17-1,17,1,360.07,Vendido,,0,0.4,0,,29
29-17-2,17,2,422.81,Vendido,,0,0.4,0,,29
29-17-3,17,3,,Libre,330000,42900000,0.4,25740000,,29
29-17-4,17,4,,Libre,380000,49400000,0.4,29640000,,29
29-17-5,17,5,,Libre,360000,46800000,0.4,28080000,,29
29-17-6,17,6,,Libre,360000,46800000,0.4,28080000,,29
29-17-7,17,7,,Libre,380000,49400000,0.4,29640000,,29
29-17-8,17,8,360,Vendido,,0,0.4,0,,29
29-17-9,17,9,360,Vendido,,0,0.4,0,,29
29-17-10,17,10,361.58,Vendido,,0,0.4,0,,29
29-17-11,17,11,,Libre,400000,52000000,0.4,31200000,,29
29-16-14,,,,Plaza,,0,,,,
29-16-15,,,,Edificio Publico,,0,,,,
"030 - RESIDENCIAL LA ARBOLEDA
",,,,,,,,,,
30-2-64,2,64,419.97,Libre,1550000,201500000,0.5,100750000,,30
30-2-65,2,65,419.97,Libre,1550000,201500000,0.5,100750000,,30
30-2-66,2,66,419.97,Libre,1550000,201500000,0.5,100750000,,30
30-2-67,2,67,419.97,Libre,1550000,201500000,0.5,100750000,,30
30-2-68,2,68,419.97,Libre,1550000,201500000,0.5,100750000,,30
30-2-69,2,69,,Vendido,,0,0.5,0,,30
30-2-70,2,70,,Vendido,,0,0.5,0,,30
30-2-71,2,71,,Vendido,,0,0.5,0,,30
30-2-72,2,72,,Vendido,,0,0.5,0,,30
30-2-73,2,73,,Vendido,,0,0.5,0,,30
30-2-74,2,74,,Vendido,,0,0.5,0,,30
30-2-75,2,75,,Vendido,,0,0.5,0,,30
"031 - RESIDENCIAL AIRES DE VILLA REAL
",,,,,,,,,,
31-1-1,1,1,1151.11,Libre,2000000,260000000,0.5,130000000,,31
31-1-2,1,2,,Vendido,,0,0.5,0,,31
31-1-3,1,3,1151.11,Libre,2000000,260000000,0.5,130000000,,31
31-1-4,1,4,1151.11,Libre,2000000,260000000,0.5,130000000,,31
31-1-5,1,5,1151.11,Libre,2000000,260000000,0.5,130000000,,31
31-1-6,1,6,,Vendido,,0,0.5,0,,31
31-1-7,1,7,,Vendido,,0,0.5,0,,31
31-1-8,1,8,1151.12,Libre,1700000,221000000,0.5,110500000,,31
31-1-9,1,9,1151.09,Libre,1700000,221000000,0.5,110500000,,31
31-1-10,1,10,1151.12,Libre,1700000,221000000,0.5,110500000,,31
31-1-12,1,12,1151.12,Libre,1700000,221000000,0.5,110500000,,31
31-1-13,1,13,1151.09,Libre,2000000,260000000,0.5,130000000,,31
Fri Jan 31 2014 05:00:00 GMT-0300 (hora de verano de Paraguay),,,,Reserva de propietario,,0,,,,31
Mon Jan 31 2011 05:00:00 GMT-0300 (hora de verano de Paraguay),,,,Plaza,,0,,,,31
"032 - ECO BARRIO BOSQUES DE ITACURUBI I
",,,,,,,,,,
32-1-1,1,1,,Libre,500000,65000000,0.5,32500000,,32
32-1-2,1,2,,Libre,450000,58500000,0.5,29250000,,32
32-1-3,1,3,,Libre,450000,58500000,0.5,29250000,,32
32-1-4,1,4,,Libre,450000,58500000,0.5,29250000,,32
32-1-5,1,5,,Libre,450000,58500000,0.5,29250000,,32
32-1-6,1,6,,Libre,450000,58500000,0.5,29250000,,32
32-1-7,1,7,,Libre,550000,71500000,0.5,35750000,,32
32-1-8,1,8,,Libre,450000,58500000,0.5,29250000,,32
32-1-9,1,9,,Libre,450000,58500000,0.5,29250000,,32
32-1-10,1,10,,Libre,550000,71500000,0.5,35750000,,32
32-1-11,1,11,,Libre,450000,58500000,0.5,29250000,,32
32-1-12,1,12,,Libre,450000,58500000,0.5,29250000,,32
32-1-13,1,13,,Libre,450000,58500000,0.5,29250000,,32
32-1-14,1,14,,Libre,400000,52000000,0.5,26000000,,32
32-1-15,1,15,,Libre,400000,52000000,0.5,26000000,,32
32-1-16,1,16,,Libre,500000,65000000,0.5,32500000,,32
32-1-17,1,17,,Libre,400000,52000000,0.5,26000000,,32
32-1-18,1,18,,Libre,400000,52000000,0.5,26000000,,32
32-2-1,2,1,,Libre,450000,58500000,0.5,29250000,,32
32-2-2,2,2,,Libre,400000,52000000,0.5,26000000,,32
32-2-3,2,3,,Libre,400000,52000000,0.5,26000000,,32
32-2-4,2,4,,Libre,400000,52000000,0.5,26000000,,32
32-2-5,2,5,,Vendido,,0,0.5,0,,32
32-2-6,2,6,,Libre,,0,0.5,0,,32
32-2-7,2,7,,Vendido,,0,0.5,0,,32
32-2-8,2,8,,Cancelado,,0,0.5,0,,32
32-2-9,2,9,,Vendido,,0,0.5,0,,32
32-2-10,2,10,,Libre,520000,67600000,0.5,33800000,,32
32-2-11,2,11,,Libre,450000,58500000,0.5,29250000,,32
32-2-12,2,12,,Libre,450000,58500000,0.5,29250000,,32
32-2-13,2,13,,Libre,450000,58500000,0.5,29250000,,32
32-2-14,2,14,,Libre,450000,58500000,0.5,29250000,,32
32-2-15,2,15,,Libre,450000,58500000,0.5,29250000,,32
32-2-16,2,16,,Libre,500000,65000000,0.5,32500000,,32
32-2-17,2,17,,Libre,450000,58500000,0.5,29250000,,32
32-2-18,2,18,,Libre,450000,58500000,0.5,29250000,,32
32-3-1,3,1,,Vendido,,0,0.5,0,,32
32-3-2,3,2,,Vendido,,0,0.5,0,,32
32-3-3,3,3,,Libre,350000,45500000,0.5,22750000,,32
32-3-4,3,4,,Vendido,,0,0.5,0,,32
32-3-5,3,5,,Libre,350000,45500000,0.5,22750000,,32
32-3-6,3,6,,Libre,350000,45500000,0.5,22750000,,32
32-3-7,3,7,,Vendido,,0,0.5,0,,32
32-3-8,3,8,,Vendido,,0,0.5,0,,32
32-3-9,3,9,,Libre,430000,55900000,0.5,27950000,,32
32-3-10,3,10,,Vendido,480000,62400000,0.5,31200000,,32
32-3-11,3,11,,Libre,400000,52000000,0.5,26000000,,32
32-3-12,3,12,,Libre,400000,52000000,0.5,26000000,,32
32-3-13,3,13,,Libre,400000,52000000,0.5,26000000,,32
32-3-14,3,14,,Libre,400000,52000000,0.5,26000000,,32
32-3-15,3,15,,Libre,400000,52000000,0.5,26000000,,32
32-3-16,3,16,,Libre,500000,65000000,0.5,32500000,,32
32-3-17,3,17,,Libre,400000,52000000,0.5,26000000,,32
32-3-18,3,18,,Vendido,,0,0.5,0,,32
32-4-1,4,1,,Cancelado,,0,0.5,0,,32
32-4-2,4,2,,Vendido,,0,0.5,0,,32
32-4-3,4,3,,Vendido,,0,0.5,0,,32
32-4-4,4,4,,Vendido,,0,0.5,0,,32
32-4-5,4,5,,Vendido,,0,0.5,0,,32
32-4-6,4,6,,Vendido,,0,0.5,0,,32
32-4-7,4,7,,Vendido,,0,0.5,0,,32
32-4-8,4,8,,Vendido,,0,0.5,0,,32
32-4-9,4,9,,Vendido,,0,0.5,0,,32
32-4-10,4,10,,Vendido,,0,0.5,0,,32
32-4-11,4,11,,Vendido,,0,0.5,0,,32
32-4-12,4,12,,Libre,350000,45500000,0.5,22750000,,32
32-4-13,4,13,,Libre,350000,45500000,0.5,22750000,,32
32-4-14,4,14,,Libre,350000,45500000,0.5,22750000,,32
32-4-15,4,15,,Libre,350000,45500000,0.5,22750000,,32
32-4-16,4,16,,Vendido,,0,0.5,0,,32
32-4-17,4,17,,Vendido,,0,0.5,0,,32
32-4-18,4,18,,Vendido,,0,0.5,0,,32
32-5-1,5,1,,Vendido,,0,0.5,0,,32
32-5-2,5,2,,Vendido,,0,0.5,0,,32
32-5-3,5,3,,Vendido,,0,0.5,0,,32
32-5-4,5,4,,Vendido,,0,0.5,0,,32
32-5-5,5,5,,Libre,330000,42900000,0.5,21450000,,32
32-5-6,5,6,,Vendido,,0,0.5,0,,32
32-5-7,5,7,,Vendido,,0,0.5,0,,32
32-5-8,5,8,,Vendido,,0,0.5,0,,32
32-5-9,5,9,,Vendido,,0,0.5,0,,32
32-5-10,5,10,,Vendido,,0,0.5,0,,32
32-5-11,5,11,,Vendido,,0,0.5,0,,32
32-5-12,5,12,,Vendido,,0,0.5,0,,32
32-5-13,5,13,,Vendido,,0,0.5,0,,32
32-5-14,5,14,,Vendido,,0,0.5,0,,32
32-5-15,5,15,,Cancelado,,0,0.5,0,,32
32-5-16,5,16,,Vendido,,0,0.5,0,,32
32-5-17,5,17,,Vendido,,0,0.5,0,,32
32-5-18,5,18,,Cancelado,,0,0.5,0,,32
32-6-1,6,1,,Vendido,,0,0.5,0,,32
32-6-2,6,2,,Vendido,,0,0.5,0,,32
32-6-3,6,3,,Vendido,,0,0.5,0,,32
32-6-4,6,4,,Vendido,,0,0.5,0,,32
32-6-5,6,5,,Vendido,,0,0.5,0,,32
32-6-6,6,6,,Vendido,,0,0.5,0,,32
32-6-7,6,7,,Vendido,,0,0.5,0,,32
32-6-8,6,8,,Libre,270000,35100000,0.5,17550000,,32
32-6-9,6,9,,Libre,280000,36400000,0.5,18200000,,32
32-6-10,6,10,,Vendido,,0,0.5,0,,32
32-6-11,6,11,,Vendido,,0,0.5,0,,32
32-6-12,6,12,,Vendido,,0,0.5,0,,32
32-6-13,6,13,,Vendido,,0,0.5,0,,32
32-6-14,6,14,,Vendido,,0,0.5,0,,32
32-6-15,6,15,,Vendido,,0,0.5,0,,32
32-6-16,6,16,,Vendido,,0,0.5,0,,32
32-6-17,6,17,,Vendido,,0,0.5,0,,32
32-6-18,6,18,,Vendido,,0,0.5,0,,32
32-6-19,6,19,,Vendido,,0,0.5,0,,32
32-7-1,,,,Plaza,,0,,,,
"033 - ECO BARRIO BOSQUES DE ITACURUBI II
",,,,,,,,,,
33-8-1,8,1,,Libre,550000,71500000,0.5,35750000,,33
33-8-2,8,2,,Libre,450000,58500000,0.5,29250000,,33
33-8-3,8,3,,Libre,450000,58500000,0.5,29250000,,33
33-8-4,8,4,,Libre,450000,58500000,0.5,29250000,,33
33-8-5,8,5,,Vendido,,0,0.5,0,,33
33-8-6,8,6,,Libre,450000,58500000,0.5,29250000,,33
33-8-7,8,7,,Libre,550000,71500000,0.5,35750000,,33
33-8-8,8,8,,Libre,500000,65000000,0.5,32500000,,33
33-8-9,8,9,,Vendido,,0,0.5,0,,33
33-8-10,8,10,,Vendido,,0,0.5,0,,33
33-8-11,8,11,,Libre,550000,71500000,0.5,35750000,,33
33-8-12,8,12,,Vendido,,0,0.5,0,,33
33-8-13,8,13,,Libre,550000,71500000,0.5,35750000,,33
33-8-14,8,14,,Libre,550000,71500000,0.5,35750000,,33
33-8-15,8,15,,Libre,550000,71500000,0.5,35750000,,33
33-8-16,8,16,,Vendido,,0,0.5,0,,33
33-8-17,8,17,,Libre,500000,65000000,0.5,32500000,,33
33-8-18,8,18,,Libre,500000,65000000,0.5,32500000,,33
33-9-1,9,1,,Cancelado,,0,0.5,0,,33
33-9-2,9,2,,Cancelado,,0,0.5,0,,33
33-9-3,9,3,,Libre,400000,52000000,0.5,26000000,,33
33-9-4,9,4,,Libre,400000,52000000,0.5,26000000,,33
33-9-5,9,5,,Libre,400000,52000000,0.5,26000000,,33
33-9-6,9,6,,Vendido,,0,0.5,0,,33
33-9-7,9,7,,Vendido,,0,0.5,0,,33
33-9-8,9,8,,Vendido,,0,0.5,0,,33
33-9-9,9,9,,Vendido,,0,0.5,0,,33
33-9-10,9,10,,Libre,500000,65000000,0.5,32500000,,33
33-9-11,9,11,,Libre,450000,58500000,0.5,29250000,,33
33-9-12,9,12,,Cancelado,,0,0.5,0,,33
33-9-13,9,13,,Cancelado,,0,0.5,0,,33
33-9-14,9,14,,Cancelado,,0,0.5,0,,33
33-9-15,9,15,,Cancelado,,0,0.5,0,,33
33-9-16,9,16,,Vendido,,0,0.5,0,,33
33-9-17,9,17,,Cancelado,,0,0.5,0,,33
33-9-18,9,18,,Cancelado,,0,0.5,0,,33
33-10-1,10,1,,Vendido,,0,0.5,0,,33
33-10-2,10,2,,Vendido,,0,0.5,0,,33
33-10-3,10,3,,Vendido,,0,0.5,0,,33
33-10-4,10,4,,Vendido,,0,0.5,0,,33
33-10-5,10,5,,Libre,350000,45500000,0.5,22750000,,33
33-10-6,10,6,,Vendido,,0,0.5,0,,33
33-10-7,10,7,,Vendido,,0,0.5,0,,33
33-10-8,10,8,,Vendido,,0,0.5,0,,33
33-10-9,10,9,,Vendido,,0,0.5,0,,33
33-10-10,10,10,,Libre,450000,58500000,0.5,29250000,,33
33-10-11,10,11,,Vendido,,0,0.5,0,,33
33-10-12,10,12,,Vendido,,0,0.5,0,,33
33-10-13,10,13,,Vendido,,0,0.5,0,,33
33-10-14,10,14,,Vendido,,0,0.5,0,,33
33-10-15,10,15,,Vendido,,0,0.5,0,,33
33-10-16,10,16,,Vendido,,0,0.5,0,,33
33-10-17,10,17,,Vendido,,0,0.5,0,,33
33-10-18,10,18,,Cancelado,,0,0.5,0,,33
33-11-1,11,1,,Vendido,,0,0.5,0,,33
33-11-2,11,2,,Vendido,,0,0.5,0,,33
33-11-3,11,3,,Vendido,,0,0.5,0,,33
33-11-4,11,4,,Vendido,,0,0.5,0,,33
33-11-5,11,5,,Vendido,,0,0.5,0,,33
33-11-6,11,6,,Vendido,,0,0.5,0,,33
33-11-7,11,7,,Vendido,,0,0.5,0,,33
33-11-8,11,8,,Vendido,,0,0.5,0,,33
33-11-9,11,9,,Vendido,,0,0.5,0,,33
33-11-10,11,10,,Vendido,,0,0.5,0,,33
33-11-11,11,11,,Vendido,,0,0.5,0,,33
33-11-12,11,12,,Libre,350000,45500000,0.5,22750000,,33
33-11-13,11,13,,Vendido,,0,0.5,0,,33
33-11-14,11,14,,Libre,350000,45500000,0.5,22750000,,33
33-11-15,11,15,,Vendido,,0,0.5,0,,33
33-11-16,11,16,,Vendido,,0,0.5,0,,33
33-11-17,11,17,,Vendido,,0,0.5,0,,33
33-12-1,12,1,,Vendido,,0,0.5,0,,33
33-12-2,12,2,,Vendido,,0,0.5,0,,33
33-12-3,12,3,,Vendido,,0,0.5,0,,33
33-12-4,12,4,,Vendido,,0,0.5,0,,33
33-12-5,12,5,,Vendido,,0,0.5,0,,33
33-12-6,12,6,,Libre,330000,42900000,0.5,21450000,,33
33-12-7,12,7,,Vendido,330000,42900000,0.5,21450000,,33
33-12-8,12,8,,Vendido,,0,0.5,0,,33
33-12-9,12,9,,Libre,350000,45500000,0.5,22750000,,33
33-12-10,12,10,,Vendido,,0,0.5,0,,33
33-12-11,12,11,,Vendido,,0,0.5,0,,33
33-12-12,12,12,,Vendido,,0,0.5,0,,33
33-12-13,12,13,,Vendido,,0,0.5,0,,33
33-12-14,12,14,,Vendido,,0,0.5,0,,33
33-12-15,12,15,,Vendido,,0,0.5,0,,33
33-12-16,12,16,,Vendido,,0,0.5,0,,33
33-12-17,12,17,,Vendido,,0,0.5,0,,33
33-14-1,14,1,,Vendido,,0,0.5,0,,33
33-14-2,14,2,,Vendido,,0,0.5,0,,33
33-14-3,14,3,,Vendido,,0,0.5,0,,33
33-14-4,14,4,,Vendido,,0,0.5,0,,33
33-14-5,14,5,,Vendido,,0,0.5,0,,33
33-14-6,14,6,,Vendido,,0,0.5,0,,33
33-14-7,14,7,,Vendido,280000,36400000,0.5,18200000,,33
33-14-8,14,8,,Vendido,280000,36400000,0.5,18200000,,33
33-14-9,14,9,,Vendido,,0,0.5,0,,33
33-14-10,14,10,,Vendido,,0,0.5,0,,33
33-14-11,14,11,,Vendido,,0,0.5,0,,33
33-14-12,14,12,,Vendido,,0,0.5,0,,33
33-14-13,14,13,,Vendido,,0,0.5,0,,33
33-14-14,14,14,,Vendido,,0,0.5,0,,33
33-14-15,14,15,,Vendido,280000,36400000,0.5,18200000,,33
33-14-16,14,16,,Vendido,280000,36400000,0.5,18200000,,33
33-14-17,14,17,,Vendido,280000,36400000,0.5,18200000,,33
33-13-1,,,,Plaza,,0,,,,
"034 - ECO BARRIO VISTA VERDE I
",,,,,,,,,,
34-1-1,1,1,,Vendido,,0,0.5,0,,34
34-1-2,1,2,,Vendido,,0,0.5,0,,34
34-1-3,1,3,,Vendido,,0,0.5,0,,34
34-1-4,1,4,,Vendido,,0,0.5,0,,34
34-1-5,1,5,,Vendido,,0,0.5,0,,34
34-1-6,1,6,,Vendido,,0,0.5,0,,34
34-1-7,1,7,,Vendido,,0,0.5,0,,34
34-1-8,1,8,,Vendido,,0,0.5,0,,34
34-1-9,1,9,,Vendido,,0,0.5,0,,34
34-1-10,1,10,,Vendido,,0,0.5,0,,34
34-1-11,1,11,,Cancelado,,0,0.5,0,,34
34-1-12,1,12,,Vendido,,0,0.5,0,,34
34-1-13,1,13,,Vendido,,0,0.5,0,,34
34-1-14,1,14,,Vendido,,0,0.5,0,,34
34-1-15,1,15,,Vendido,,0,0.5,0,,34
34-1-16,1,16,,Vendido,550000,71500000,0.5,35750000,,34
34-1-17,1,17,,Vendido,,0,0.5,0,,34
34-1-18,1,18,,Vendido,,0,0.5,0,,34
34-1-19,1,19,,Vendido,,0,0.5,0,,34
"035 - ECO BARRIO BOSQUES DE YACAREY
",,,,,,,,,,
35-1-1,1,1,887.52,Anulado,,0,0.4,0,,35
35-1-2,1,2,,Libre,930000,120900000,0.4,72540000,,35
35-1-3,1,3,,Libre,950000,123500000,0.4,74100000,,35
35-1-4,1,4,,Anulado,900000,117000000,0.4,70200000,,35
35-1-5,1,5,,Anulado,900000,117000000,0.4,70200000,,35
35-1-6,1,6,,Vendido,,0,0.4,0,,35
35-1-7,1,7,,Vendido,,0,0.4,0,,35
35-1-8,1,8,,Vendido,,0,0.4,0,,35
35-1-9,1,9,,Vendido,,0,0.4,0,,35
35-1-10,1,10,,Vendido,,0,0.4,0,,35
35-2-1,2,1,365.16,Anulado,,0,0.4,0,,35
35-2-2,2,2,,Vendido,,0,0.4,0,,35
35-2-3,2,3,,Vendido,,0,0.4,0,,35
35-2-4,2,4,,Vendido,,0,0.4,0,,35
35-2-5,2,5,,Vendido,,0,0.4,0,,35
35-2-6,2,6,,Vendido,,0,0.4,0,,35
35-2-7,2,7,,Vendido,,0,0.4,0,,35
35-2-8,2,8,,Vendido,,0,0.4,0,,35
35-2-9,2,9,,Vendido,,0,0.4,0,,35
35-2-10,2,10,363.56,Anulado,,0,0.4,0,,35
35-3-1,3,1,363.56,Libre,450000,58500000,0.4,35100000,,35
35-3-2,3,2,363.56,Libre,500000,65000000,0.4,39000000,,35
35-3-3,3,3,363.56,Libre,450000,58500000,0.4,35100000,,35
35-3-4,3,4,,Vendido,,0,0.4,0,,35
35-3-5,3,5,,Vendido,,0,0.4,0,,35
35-3-6,3,6,,Vendido,,0,0.4,0,,35
35-3-7,3,7,,Libre,450000,58500000,0.4,35100000,,35
35-3-8,3,8,,Vendido,,0,0.4,0,,35
35-3-9,3,9,,Vendido,,0,0.4,0,,35
35-3-10,3,10,,Vendido,,0,0.4,0,,35
35-3-11,3,11,,Vendido,,0,0.4,0,,35
35-3-12,3,12,,Vendido,,0,0.4,0,,35
35-3-13,3,13,,Vendido,,0,0.4,0,,35
35-3-14,3,14,363.56,Libre,400000,52000000,0.4,31200000,,35
35-3-15,3,15,,Vendido,,0,0.4,0,,35
35-3-16,3,16,363.56,Anulado,,0,0.4,0,,35
35-3-17,3,17,363.56,Libre,400000,52000000,0.4,31200000,,35
35-3-18,3,18,,Libre,400000,52000000,0.4,31200000,,35
35-3-19,3,19,363.56,Libre,430000,55900000,0.4,33540000,,35
35-3-20,3,20,,Vendido,,0,0.4,0,,35
35-4-1,4,1,,Vendido,,0,0.4,0,,35
35-4-2,4,2,,Vendido,,0,0.4,0,,35
35-4-3,4,3,,Vendido,,0,0.4,0,,35
35-4-4,4,4,,Vendido,,0,0.4,0,,35
35-4-5,4,5,,Vendido,,0,0.4,0,,35
35-4-6,4,6,363.56,Libre,400000,52000000,0.4,31200000,,35
35-4-7,4,7,363.56,Libre,400000,52000000,0.4,31200000,,35
35-4-8,4,8,,Vendido,,0,0.4,0,,35
35-4-9,4,9,,Vendido,,0,0.4,0,,35
35-4-10,4,10,,Libre,450000,58500000,0.4,35100000,,35
35-4-11,4,11,363.56,Libre,470000,61100000,0.4,36660000,,35
35-4-12,4,12,363.56,Vendido,430000,55900000,0.4,33540000,,35
35-4-13,4,13,363.56,Vendido,380000,49400000,0.4,29640000,,35
35-4-14,4,14,,Vendido,,0,0.4,0,,35
35-4-15,4,15,363.56,Libre,450000,58500000,0.4,35100000,,35
35-4-16,4,16,,Vendido,,0,0.4,0,,35
35-4-17,4,17,,Vendido,,0,0.4,0,,35
35-4-18,4,18,,Vendido,,0,0.4,0,,35
35-4-19,4,19,363.56,Libre,350000,45500000,0.4,27300000,,35
35-4-20,4,20,,Vendido,,0,0.4,0,,35
35-5-1,5,1,,Vendido,,0,0.4,0,,35
35-5-2,5,2,,Vendido,,0,0.4,0,,35
35-5-3,5,3,,Vendido,,0,0.4,0,,35
35-5-4,5,4,,Vendido,,0,0.4,0,,35
35-5-5,5,5,,Vendido,,0,0.4,0,,35
35-5-6,5,6,,Vendido,,0,0.4,0,,35
35-5-7,5,7,,Libre,380000,49400000,0.4,29640000,,35
35-5-8,5,8,,Vendido,,0,0.4,0,,35
35-5-9,5,9,,Vendido,,0,0.4,0,,35
35-5-10,5,10,,Vendido,,0,0.4,0,,35
35-5-11,5,11,,Vendido,,0,0.4,0,,35
35-5-12,5,12,,Vendido,,0,0.4,0,,35
35-5-13,5,13,,Libre,350000,45500000,0.4,27300000,,35
35-5-14,5,14,,Vendido,,0,0.4,0,,35
35-5-15,5,15,,Vendido,,0,0.4,0,,35
35-5-16,5,16,,Libre,350000,45500000,0.4,27300000,,35
35-5-17,5,17,,Libre,350000,45500000,0.4,27300000,,35
35-5-18,5,18,,Libre,350000,45500000,0.4,27300000,,35
35-5-19,5,19,,Vendido,,0,0.4,0,,35
35-5-20,5,20,,Vendido,,0,0.4,0,,35
35-6-1,6,1,,Vendido,,0,0.4,0,,35
35-6-2,6,2,363.56,Libre,370000,48100000,0.4,28860000,,35
35-6-3,6,3,,Vendido,,0,0.4,0,,35
35-6-4,6,4,363.56,Vendido,350000,45500000,0.4,27300000,,35
35-6-5,6,5,,Vendido,,0,0.4,0,,35
35-6-6,6,6,,Vendido,,0,0.4,0,,35
35-6-7,6,7,,Vendido,,0,0.4,0,,35
35-6-8,6,8,,Vendido,,0,0.4,0,,35
35-6-9,6,9,,Vendido,,0,0.4,0,,35
35-6-10,6,10,,Vendido,,0,0.4,0,,35
35-6-11,6,11,363.56,Libre,350000,45500000,0.4,27300000,,35
35-6-12,6,12,,Vendido,,0,0.4,0,,35
35-6-13,6,13,363.56,Vendido,300000,39000000,0.4,23400000,,35
35-6-14,6,14,,Vendido,,0,0.4,0,,35
35-6-15,6,15,,Vendido,,0,0.4,0,,35
35-6-16,6,16,,Libre,300000,39000000,0.4,23400000,,35
35-6-17,6,17,,Vendido,,0,0.4,0,,35
35-6-18,6,18,,Vendido,,0,0.4,0,,35
35-6-19,6,19,,Libre,300000,39000000,0.4,23400000,,35
35-6-20,6,20,,Vendido,,0,0.4,0,,35
35-7-1,7,1,,Libre,280000,36400000,0.4,21840000,,35
35-7-2,7,2,,Vendido,,0,0.4,0,,35
35-7-3,7,3,,Vendido,,0,0.4,0,,35
35-7-4,7,4,,Vendido,,0,0.4,0,,35
35-7-5,7,5,,Vendido,,0,0.4,0,,35
35-7-6,7,6,,Vendido,,0,0.4,0,,35
35-7-7,7,7,,Vendido,,0,0.4,0,,35
35-7-8,7,8,,Libre,280000,36400000,0.4,21840000,,35
35-7-9,7,9,,Vendido,,0,0.4,0,,35
35-7-10,7,10,,Vendido,,0,0.4,0,,35
35-1-12,,,,Plaza,,0,,,,
35-1-11,,,,Edificio Publico,,0,,,,
"036 - RESIDENCIAL LAS MERCEDES
",,,,,,,,,,
36-1-1,1,1,,Reserva de propietario,550000,71500000,0.5,35750000,,36
36-1-2,1,2,,Reserva de propietario,600000,78000000,0.5,39000000,,36
36-1-3,1,3,,Reserva de propietario,700000,91000000,0.5,45500000,,36
36-1-4,1,4,,Vendido,,0,0.5,0,,36
36-1-5,1,5,,Vendido,,0,0.5,0,,36
36-1-6,1,6,,Vendido,,0,0.5,0,,36
36-1-7,1,7,,Vendido,,0,0.5,0,,36
36-1-8,1,8,,Vendido,500000,65000000,0.5,32500000,,36
36-1-9,1,9,,Vendido,500000,65000000,0.5,32500000,,36
36-1-10,1,10,,Vendido,,0,0.5,0,,36
36-1-11,1,11,,Libre,550000,71500000,0.5,35750000,,36
36-1-12,1,12,,Vendido,,0,0.5,0,,36
36-2-1,2,1,,Vendido,,0,0.5,0,,36
36-2-2,2,2,,Vendido,,0,0.5,0,,36
36-2-3,2,3,,Libre,500000,65000000,0.5,32500000,,36
36-2-4,2,4,,Libre,500000,65000000,0.5,32500000,,36
36-2-5,2,5,,Libre,500000,65000000,0.5,32500000,,36
36-2-6,2,6,,Libre,500000,65000000,0.5,32500000,,36
36-2-7,2,7,,Libre,500000,65000000,0.5,32500000,,36
36-2-8,2,8,,Libre,500000,65000000,0.5,32500000,,36
36-2-9,2,9,,Libre,500000,65000000,0.5,32500000,,36
36-2-10,2,10,,Libre,500000,65000000,0.5,32500000,,36
36-2-11,2,11,,Libre,500000,65000000,0.5,32500000,,36
36-2-12,2,12,,Vendido,,0,0.5,0,,36
36-2-13,2,13,,Vendido,,0,0.5,0,,36
36-2-14,2,14,,Vendido,,0,0.5,0,,36
36-2-15,2,15,,Vendido,,0,0.5,0,,36
"037 - ECO BARRIO COLINAS DE ITACURUBI
",,,,,,,,,,
37-1-1,1,1,,Cancelado,,0,0.5,0,,37
37-1-2,1,2,,Vendido,,0,0.5,0,,37
37-1-3,1,3,,Vendido,,0,0.5,0,,37
37-1-4,1,4,,Vendido,,0,0.5,0,,37
37-1-5,1,5,,Vendido,,0,0.5,0,,37
37-1-6,1,6,,Vendido,,0,0.5,0,,37
37-1-7,1,7,,Vendido,,0,0.5,0,,37
37-1-8,1,8,,Vendido,,0,0.5,0,,37
37-1-9,1,9,,Vendido,,0,0.5,0,,37
37-1-10,1,10,,Vendido,,0,0.5,0,,37
37-1-11,1,11,,Vendido,,0,0.5,0,,37
37-1-12,1,12,,Vendido,,0,0.5,0,,37
37-1-13,1,13,360.24,Libre,650000,84500000,0.5,42250000,,37
37-1-14,1,14,360.24,Libre,650000,84500000,0.5,42250000,,37
37-1-15,1,15,360.24,Libre,650000,84500000,0.5,42250000,,37
37-1-16,1,16,360.24,Libre,650000,84500000,0.5,42250000,,37
37-1-17,1,17,360.24,Libre,650000,84500000,0.5,42250000,,37
37-1-18,1,18,360.24,Libre,650000,84500000,0.5,42250000,,37
37-1-19,1,19,360.24,Libre,650000,84500000,0.5,42250000,,37
37-2-1,2,1,,Vendido,,0,0.5,0,,37
37-2-2,2,2,,Vendido,,0,0.5,0,,37
37-2-3,2,3,,Cancelado,,0,0.5,0,,37
37-2-4,2,4,484.83,Reserva de propietario,,0,0.5,0,,37
37-2-5,2,5,,Reserva de propietario,,0,0.5,0,,37
37-2-6,2,6,,Reserva de propietario,,0,0.5,0,,37
37-2-7,2,7,,Vendido,,0,0.5,0,,37
37-2-8,2,8,,Vendido,,0,0.5,0,,37
37-2-9,2,9,,Vendido,,0,0.5,0,,37
37-3-1,3,1,,Vendido,,0,0.5,0,,37
37-3-2,3,2,,Vendido,,0,0.5,0,,37
37-3-3,3,3,360.24,Libre,650000,84500000,0.5,42250000,,37
37-3-4,3,4,360.24,Libre,650000,84500000,0.5,42250000,,37
37-3-5,3,5,,Cancelado,,0,0.5,0,,37
37-3-6,3,6,360.24,Libre,600000,78000000,0.5,39000000,,37
37-3-9,3,9,360.24,Libre,650000,84500000,0.5,42250000,,37
37-4-1,4,1,389.91,Reserva de propietario,750000,97500000,0.5,48750000,,37
37-4-2,4,2,,Libre,750000,97500000,0.5,48750000,,37
37-4-3,4,3,,Libre,750000,97500000,0.5,48750000,,37
37-4-4,4,4,,Libre,780000,101400000,0.5,50700000,,37
37-4-5,4,5,,Vendido,,0,0.5,0,,37
37-4-6,4,6,360.24,Libre,650000,84500000,0.5,42250000,,37
37-4-7,4,7,,Vendido,,0,0.5,0,,37
37-4-8,4,8,,Vendido,,0,0.5,0,,37
37-4-9,4,9,,Vendido,,0,0.5,0,,37
37-4-10,4,10,,Vendido,,0,0.5,0,,37
37-5-1,5,1,,Libre,700000,91000000,0.5,45500000,,37
37-5-2,5,2,,Vendido,,0,0.5,0,,37
37-5-3,5,3,,Vendido,,0,0.5,0,,37
37-5-4,5,4,,Vendido,,0,0.5,0,,37
37-5-5,5,5,,Libre,650000,84500000,0.5,42250000,,37
37-5-6,5,6,,Vendido,,0,0.5,0,,37
37-5-7,5,7,,Vendido,,0,0.5,0,,37
37-5-8,5,8,360.24,Libre,550000,71500000,0.5,35750000,,37
37-5-9,5,9,360.24,Libre,550000,71500000,0.5,35750000,,37
37-5-10,5,10,360.24,Libre,550000,71500000,0.5,35750000,,37
37-5-11,5,11,360.24,Libre,550000,71500000,0.5,35750000,,37
37-5-12,5,12,360.24,Libre,550000,71500000,0.5,35750000,,37
37-5-13,5,13,360.24,Libre,600000,78000000,0.5,39000000,,37
37-5-14,5,14,360.24,Libre,600000,78000000,0.5,39000000,,37
37-5-15,5,15,360.24,Libre,600000,78000000,0.5,39000000,,37
37-5-16,5,16,360.24,Libre,600000,78000000,0.5,39000000,,37
37-5-17,5,17,360.24,Libre,600000,78000000,0.5,39000000,,37
37-5-18,5,18,,Vendido,,0,0.5,0,,37
37-5-19,5,19,,Vendido,,0,0.5,0,,37
37-6-1,6,1,389.91,Libre,700000,91000000,0.5,45500000,,37
37-6-2,6,2,389.9,Libre,650000,84500000,0.5,42250000,,37
37-6-3,6,3,,Vendido,,0,0.5,0,,37
37-6-4,6,4,,Vendido,,0,0.5,0,,37
37-6-5,6,5,,Libre,600000,78000000,0.5,39000000,,37
37-6-6,6,6,360.24,Libre,600000,78000000,0.5,39000000,,37
37-6-7,6,7,360.24,Libre,600000,78000000,0.5,39000000,,37
37-6-8,6,8,360.24,Libre,650000,84500000,0.5,42250000,,37
37-6-9,6,9,360.24,Libre,650000,84500000,0.5,42250000,,37
37-6-10,6,10,360.24,Libre,650000,84500000,0.5,42250000,,37
37-7-1,7,1,,Vendido,,0,0.5,0,,37
37-7-2,7,2,,Vendido,,0,0.5,0,,37
37-7-3,7,3,,Vendido,,0,0.5,0,,37
37-7-4,7,4,,Vendido,,0,0.5,0,,37
37-7-5,7,5,,Vendido,,0,0.5,0,,37
37-7-6,7,6,,Cancelado,,0,0.5,0,,37
37-7-7,7,7,,Vendido,,0,0.5,0,,37
37-7-8,7,8,,Vendido,,0,0.5,0,,37
37-7-9,7,9,360.24,Libre,450000,58500000,0.5,29250000,,37
37-7-10,7,10,360.24,Libre,450000,58500000,0.5,29250000,,37
37-7-11,7,11,360.24,Libre,450000,58500000,0.5,29250000,,37
37-7-12,7,12,360.24,Libre,450000,58500000,0.5,29250000,,37
37-7-13,7,13,,Vendido,,0,0.5,0,,37
37-7-14,7,14,360.24,Libre,450000,58500000,0.5,29250000,,37
37-7-15,7,15,360.24,Libre,450000,58500000,0.5,29250000,,37
37-7-16,7,16,360.24,Libre,450000,58500000,0.5,29250000,,37
37-7-17,7,17,,Vendido,,0,0.5,0,,37
37-7-18,7,18,,Vendido,,0,0.5,0,,37
37-7-19,7,19,,Vendido,,0,0.5,0,,37
37-8-1,8,1,,Vendido,,0,0.5,0,,37
37-8-2,8,2,,Vendido,,0,0.5,0,,37
37-8-3,8,3,389.92,Libre,600000,78000000,0.5,39000000,,37
37-8-4,8,4,389.89,Libre,600000,78000000,0.5,39000000,,37
37-8-5,8,5,360.24,Libre,500000,65000000,0.5,32500000,,37
37-8-6,8,6,360.24,Libre,500000,65000000,0.5,32500000,,37
37-8-7,8,7,360.24,Libre,500000,65000000,0.5,32500000,,37
37-8-8,8,8,,Libre,550000,71500000,0.5,35750000,,37
37-8-9,8,9,360.24,Libre,550000,71500000,0.5,35750000,,37
37-8-10,8,10,,Libre,550000,71500000,0.5,35750000,,37
37-3-7,,,,Edificio Publico,,0,,,,
37-3-8,,,,Plaza,,0,,,,
"038-ECO MIRADOR DEL YHAGUY
",,,,,,,,,,
38-1-1,1,1,,Vendido,,0,0.5,0,,38
38-1-2,1,2,,Vendido,,0,0.5,0,,38
38-1-3,1,3,,Vendido,,0,0.5,0,,38
38-1-4,1,4,,Vendido,,0,0.5,0,,38
38-1-5,1,5,,Vendido,,0,0.5,0,,38
38-1-6,1,6,,Vendido,,0,0.5,0,,38
38-1-7,1,7,,Vendido,,0,0.5,0,,38
38-1-8,1,8,,Vendido,,0,0.5,0,,38
38-1-9,1,9,,Vendido,,0,0.5,0,,38
38-1-10,1,10,,Libre,1500000,195000000,0.5,97500000,,38
38-1-11,1,11,562.71,Libre,1450000,188500000,0.5,94250000,,38
38-1-12,1,12,573.56,Libre,1450000,188500000,0.5,94250000,,38
38-1-13,1,13,537.97,Libre,1400000,182000000,0.5,91000000,,38
38-1-14,1,14,502.38,Libre,1400000,182000000,0.5,91000000,,38
38-1-15,1,15,466.79,Libre,1400000,182000000,0.5,91000000,,38
38-1-16,1,16,431.19,Libre,1400000,182000000,0.5,91000000,,38
38-1-17,1,17,395.6,Libre,1350000,175500000,0.5,87750000,,38
38-1-18,1,18,360.01,Libre,1400000,182000000,0.5,91000000,,38
38-1-19,1,19,,Vendido,,0,0.5,0,,38
38-2-1,2,1,,Cancelado,,0,0.5,0,,38
38-2-2,2,2,,Vendido,,0,0.5,0,,38
38-2-3,2,3,399.11,Vendido,,0,0.5,0,,38
38-2-4,2,4,,Vendido,,0,0.5,0,,38
38-2-5,2,5,,Vendido,,0,0.5,0,,38
38-2-6,2,6,,Vendido,,0,0.5,0,,38
38-2-7,2,7,,Vendido,,0,0.5,0,,38
38-2-8,2,8,,Vendido,,0,0.5,0,,38
38-2-9,2,9,,Vendido,,0,0.5,0,,38
38-2-10,2,10,,Vendido,,0,0.5,0,,38
38-2-11,2,11,404.68,Cancelado,,0,0.5,0,,38
38-2-12,2,12,,Vendido,,0,0.5,0,,38
38-2-13,2,13,,Vendido,,0,0.5,0,,38
38-2-14,2,14,,Vendido,,0,0.5,0,,38
38-2-15,2,15,,Vendido,,0,0.5,0,,38
38-2-16,2,16,,Vendido,,0,0.5,0,,38
38-2-17,2,17,,Vendido,,0,0.5,0,,38
38-2-18,2,18,,Vendido,,0,0.5,0,,38
38-2-19,2,19,389.79,Cancelado,,0,0.5,0,,38
38-2-20,2,20,,Cancelado,,0,0.5,0,,38
38-3-1,3,1,,Vendido,,0,0.5,0,,38
38-3-2,3,2,,Vendido,,0,0.5,0,,38
38-3-3,3,3,,Vendido,,0,0.5,0,,38
38-3-4,3,4,,Libre,550000,71500000,0.5,35750000,,38
38-3-5,3,5,,Vendido,,0,0.5,0,,38
38-3-6,3,6,,Vendido,,0,0.5,0,,38
38-3-7,3,7,,Vendido,,0,0.5,0,,38
38-3-8,3,8,,Vendido,,0,0.5,0,,38
38-3-9,3,9,,Vendido,,0,0.5,0,,38
38-3-10,3,10,,Libre,550000,71500000,0.5,35750000,,38
38-3-11,3,11,,Vendido,,0,0.5,0,,38
38-3-12,3,12,,Vendido,,0,0.5,0,,38
38-3-13,3,13,,Vendido,,0,0.5,0,,38
38-3-14,3,14,,Vendido,,0,0.5,0,,38
38-3-15,3,15,372.77,Libre,530000,68900000,0.5,34450000,,38
38-3-16,3,16,,Vendido,,0,0.5,0,,38
38-5-1,5,1,,Vendido,,0,0.5,0,,38
38-5-2,5,2,360,Vendido,600000,78000000,0.5,39000000,,38
38-5-3,5,3,360,Libre,600000,78000000,0.5,39000000,,38
38-5-4,5,4,360,Libre,600000,78000000,0.5,39000000,,38
38-5-5,5,5,360,Libre,600000,78000000,0.5,39000000,,38
38-5-6,5,6,360,Libre,600000,78000000,0.5,39000000,,38
38-5-7,5,7,360,Libre,600000,78000000,0.5,39000000,,38
38-5-8,5,8,360,Libre,600000,78000000,0.5,39000000,,38
38-5-9,5,9,588.71,Libre,700000,91000000,0.5,45500000,,38
38-5-10,5,10,587.3,Libre,700000,91000000,0.5,45500000,,38
38-5-11,5,11,360,Libre,550000,71500000,0.5,35750000,,38
38-5-12,5,12,360,Libre,550000,71500000,0.5,35750000,,38
38-5-13,5,13,360,Libre,550000,71500000,0.5,35750000,,38
38-5-14,5,14,360,Libre,550000,71500000,0.5,35750000,,38
38-5-15,5,15,360,Libre,550000,71500000,0.5,35750000,,38
38-5-16,5,16,,Vendido,,0,0.5,0,,38
38-5-17,5,17,360,Vendido,550000,71500000,0.5,35750000,,38
38-5-18,5,18,360,Vendido,600000,78000000,0.5,39000000,,38
38-5-19,5,19,360,Libre,550000,71500000,0.5,35750000,,38
38-5-20,5,20,360,Libre,550000,71500000,0.5,35750000,,38
38-6-1,6,1,399.78,Libre,650000,84500000,0.5,42250000,,38
38-6-2,6,2,399.78,Libre,600000,78000000,0.5,39000000,,38
38-6-3,6,3,399.78,Libre,600000,78000000,0.5,39000000,,38
38-6-4,6,4,399.78,Libre,600000,78000000,0.5,39000000,,38
38-6-5,6,5,442.77,Libre,650000,84500000,0.5,42250000,,38
38-6-6,6,6,565.69,Libre,730000,94900000,0.5,47450000,,38
38-6-7,6,7,,Vendido,,0,0.5,0,,38
38-6-8,6,8,,Vendido,,0,0.5,0,,38
38-6-9,6,9,,Vendido,,0,0.5,0,,38
38-6-10,6,10,399.78,Libre,600000,78000000,0.5,39000000,,38
38-6-11,6,11,399.78,Libre,600000,78000000,0.5,39000000,,38
38-6-12,6,12,399.78,Libre,600000,78000000,0.5,39000000,,38
38-6-13,6,13,399.78,Vendido,600000,78000000,0.5,39000000,,38
38-6-14,6,14,399.78,Libre,600000,78000000,0.5,39000000,,38
38-6-15,6,15,399.78,Libre,600000,78000000,0.5,39000000,,38
38-6-16,6,16,,Vendido,,0,0.5,0,,38
38-6-17,6,17,,Vendido,,0,0.5,0,,38
38-6-18,6,18,,Vendido,,0,0.5,0,,38
38-7-1,7,1,360,Libre,650000,84500000,0.5,42250000,,38
38-7-2,7,2,575.43,Cancelado,,0,0.5,0,,38
38-7-3,7,3,575.43,Cancelado,,0,0.5,0,,38
38-7-4,7,4,575.43,Cancelado,,0,0.5,0,,38
38-7-5,7,5,640.36,Libre,1500000,195000000,0.5,97500000,,38
38-7-6,7,6,,Vendido,,0,0.5,0,,38
38-7-7,7,7,639.76,Libre,750000,97500000,0.5,48750000,,38
38-7-8,7,8,575.43,Libre,680000,88400000,0.5,44200000,,38
38-7-9,7,9,575.43,Vendido,680000,88400000,0.5,44200000,,38
38-7-10,7,10,360,Libre,600000,78000000,0.5,39000000,,38
38-7-11,7,11,360,Libre,600000,78000000,0.5,39000000,,38
38-7-12,7,12,,Vendido,,0,0.5,0,,38
38-7-13,7,13,360,Libre,600000,78000000,0.5,39000000,,38
38-7-14,7,14,360,Libre,600000,78000000,0.5,39000000,,38
38-8-1,8,1,,Vendido,,0,0.5,0,,38
38-8-2,8,2,490.53,Libre,750000,97500000,0.5,48750000,,38
38-8-3,8,3,490.53,Libre,750000,97500000,0.5,48750000,,38
38-8-4,8,4,490.53,Libre,750000,97500000,0.5,48750000,,38
38-8-5,8,5,490.53,Libre,750000,97500000,0.5,48750000,,38
38-8-6,8,6,490.53,Libre,750000,97500000,0.5,48750000,,38
38-8-7,8,7,577.28,Libre,1500000,195000000,0.5,97500000,,38
38-8-8,8,8,483.25,Libre,1450000,188500000,0.5,94250000,,38
38-8-9,8,9,395.11,Libre,1100000,143000000,0.5,71500000,,38
38-8-10,8,10,395.11,Libre,1100000,143000000,0.5,71500000,,38
38-8-11,8,11,,Vendido,,0,0.5,0,,38
38-8-12,8,12,,Vendido,,0,0.5,0,,38
38-8-13,8,13,490.53,Libre,750000,97500000,0.5,48750000,,38
38-8-14,8,14,490.53,Libre,750000,97500000,0.5,48750000,,38
38-8-15,8,15,360,Libre,700000,91000000,0.5,45500000,,38
38-8-16,8,16,360,Libre,600000,78000000,0.5,39000000,,38
38-8-17,8,17,360,Libre,600000,78000000,0.5,39000000,,38
38-8-18,8,18,,Vendido,,0,0.5,0,,38
38-8-19,8,19,,Vendido,,0,0.5,0,,38
38-9-1,9,1,425.22,Libre,500000,65000000,0.5,32500000,,38
38-9-2,9,2,,Vendido,,0,0.5,0,,38
38-9-3,9,3,,Vendido,,0,0.5,0,,38
38-9-4,9,4,,Vendido,,0,0.5,0,,38
38-9-5,9,5,,Vendido,,0,0.5,0,,38
38-9-6,9,6,,Vendido,,0,0.5,0,,38
38-9-7,9,7,,Vendido,,0,0.5,0,,38
38-9-8,9,8,558.06,Libre,1250000,162500000,0.5,81250000,,38
38-9-9,9,9,564.04,Libre,750000,97500000,0.5,48750000,,38
38-9-10,9,10,564.04,Libre,750000,97500000,0.5,48750000,,38
38-9-11,9,11,,Vendido,,0,0.5,0,,38
38-9-12,9,12,,Vendido,,0,0.5,0,,38
38-9-13,9,13,,Vendido,,0,0.5,0,,38
38-9-14,9,14,425.21,Libre,600000,78000000,0.5,39000000,,38
38-10-1,10,1,881.35,Cancelado,,0,0.5,0,,38
38-10-2,10,2,,Vendido,,0,0.5,0,,38
38-10-3,10,3,,Vendido,,0,0.5,0,,38
38-10-4,10,4,,Vendido,,0,0.5,0,,38
38-10-5,10,5,,Vendido,,0,0.5,0,,38
38-10-6,10,6,,Vendido,,0,0.5,0,,38
38-10-7,10,7,,Cancelado,,0,0.5,0,,38
38-10-8,10,8,445.87,Reserva de propietario,,0,0.5,0,,38
38-10-9,10,9,432.23,Reserva de propietario,,0,0.5,0,,38
38-10-10,10,10,647.92,Libre,1300000,169000000,0.5,84500000,,38
38-11-1,11,1,,Vendido,,0,0.5,0,,38
38-11-2,11,2,482.23,Libre,750000,97500000,0.5,48750000,,38
38-11-3,11,3,,Libre,750000,97500000,0.5,48750000,,38
38-11-4,11,4,482.23,Libre,800000,104000000,0.5,52000000,,38
38-11-5,11,5,482.23,Libre,700000,91000000,0.5,45500000,,38
38-11-6,11,6,482.23,Libre,700000,91000000,0.5,45500000,,38
38-11-7,11,7,482.23,Libre,700000,91000000,0.5,45500000,,38
38-11-8,11,8,482.23,Libre,700000,91000000,0.5,45500000,,38
38-11-9,11,9,482.23,Libre,750000,97500000,0.5,48750000,,38
38-11-10,11,10,482.23,Libre,700000,91000000,0.5,45500000,,38
38-11-11,11,11,482.23,Libre,700000,91000000,0.5,45500000,,38
38-11-12,11,12,,Vendido,,0,0.5,0,,38
38-11-13,11,13,,Vendido,,0,0.5,0,,38
38-11-14,11,14,417.69,Libre,750000,97500000,0.5,48750000,,38
38-11-15,11,15,,Libre,750000,97500000,0.5,48750000,,38
38-11-16,11,16,,Vendido,,0,0.5,0,,38
38-12-2,12,2,,Vendido,,0,0.5,0,,38
38-12-3,12,3,,Vendido,,0,0.5,0,,38
38-12-4,12,4,,Vendido,740000,96200000,0.5,48100000,,38
38-12-5,12,5,,Vendido,,0,0.5,0,,38
38-12-6,12,6,,Vendido,,0,0.5,0,,38
38-12-7,12,7,500.29,Reserva de propietario,,0,0.5,0,,38
38-12-8,12,8,360,Vendido,700000,91000000,0.5,45500000,,38
38-12-9,12,9,360,Vendido,700000,91000000,0.5,45500000,,38
38-12-10,12,10,360,Libre,700000,91000000,0.5,45500000,,38
38-12-11,12,11,360,Libre,700000,91000000,0.5,45500000,,38
38-12-12,12,12,360,Libre,700000,91000000,0.5,45500000,,38
38-4-1,,,,Plaza,,0,,,,
38-4-2,,,,Edificio Publico,,0,,,,
"039-TIERRA DE REYES - BARRERO
",,,,,,,,,,
39-1-1,1,1,,Vendido,,0,0.4,0,,39
39-1-2,1,2,,Vendido,,0,0.4,0,,39
39-1-3,1,3,,Vendido,,0,0.4,0,,39
39-1-4,1,4,462.33,Vendido,300000,39000000,0.4,23400000,,39
39-1-5,1,5,461.35,Libre,300000,39000000,0.4,23400000,,39
39-1-6,1,6,460.38,Libre,300000,39000000,0.4,23400000,,39
39-1-7,1,7,459.4,Libre,300000,39000000,0.4,23400000,,39
39-1-8,1,8,458.42,Libre,300000,39000000,0.4,23400000,,39
39-1-9,1,9,457.45,Libre,300000,39000000,0.4,23400000,,39
39-1-10,1,10,456.47,Libre,300000,39000000,0.4,23400000,,39
39-1-11,1,11,455.49,Libre,300000,39000000,0.4,23400000,,39
39-1-12,1,12,483.56,Libre,330000,42900000,0.4,25740000,,39
39-1-13,1,13,512.25,Libre,320000,41600000,0.4,24960000,,39
39-1-14,1,14,449.02,Libre,300000,39000000,0.4,23400000,,39
39-2-1,2,1,361.06,Libre,300000,39000000,0.4,23400000,,39
39-2-2,2,2,361.06,Libre,280000,36400000,0.4,21840000,,39
39-2-3,2,3,361.36,Libre,280000,36400000,0.4,21840000,,39
39-2-4,2,4,480,Libre,320000,41600000,0.4,24960000,,39
39-2-5,2,5,480,Libre,320000,41600000,0.4,24960000,,39
39-2-6,2,6,480,Libre,320000,41600000,0.4,24960000,,39
39-2-7,2,7,480,Libre,320000,41600000,0.4,24960000,,39
39-2-8,2,8,480,Libre,320000,41600000,0.4,24960000,,39
39-2-9,2,9,480,Libre,320000,41600000,0.4,24960000,,39
39-2-10,2,10,480,Libre,320000,41600000,0.4,24960000,,39
39-2-11,2,11,480,Libre,320000,41600000,0.4,24960000,,39
39-2-12,2,12,375.92,Libre,260000,33800000,0.4,20280000,,39
39-2-13,2,13,404.7,Libre,280000,36400000,0.4,21840000,,39
39-2-14,2,14,433.78,Libre,330000,42900000,0.4,25740000,,39
39-3-1,3,1,363.61,Libre,250000,32500000,0.4,19500000,,39
39-3-2,3,2,360.57,Libre,250000,32500000,0.4,19500000,,39
39-3-3,3,3,360.57,Libre,270000,35100000,0.4,21060000,,39
39-3-4,3,4,476.01,Libre,280000,36400000,0.4,21840000,,39
39-3-5,3,5,475.03,Libre,280000,36400000,0.4,21840000,,39
39-3-6,3,6,474.06,Libre,280000,36400000,0.4,21840000,,39
39-3-7,3,7,473.08,Libre,280000,36400000,0.4,21840000,,39
39-3-8,3,8,472.1,Libre,280000,36400000,0.4,21840000,,39
39-3-9,3,9,472.13,Libre,280000,36400000,0.4,21840000,,39
39-3-10,3,10,470.15,Libre,280000,36400000,0.4,21840000,,39
39-3-11,3,11,469.17,Libre,280000,36400000,0.4,21840000,,39
39-3-12,3,12,360.27,Libre,270000,35100000,0.4,21060000,,39
39-3-13,3,13,360.27,Libre,250000,32500000,0.4,19500000,,39
39-3-14,3,14,363.41,Libre,250000,32500000,0.4,19500000,,39
39-4-1,4,1,373.07,Libre,270000,35100000,0.4,21060000,,39
39-4-2,4,2,373.07,Libre,250000,32500000,0.4,19500000,,39
39-4-3,4,3,373.38,Libre,250000,32500000,0.4,19500000,,39
39-4-4,4,4,,Vendido,,0,0.4,0,,39
39-4-5,4,5,480,Libre,300000,39000000,0.4,23400000,,39
39-4-6,4,6,480,Libre,300000,39000000,0.4,23400000,,39
39-4-7,4,7,480,Libre,300000,39000000,0.4,23400000,,39
39-4-8,4,8,480,Libre,300000,39000000,0.4,23400000,,39
39-4-9,4,9,480,Libre,300000,39000000,0.4,23400000,,39
39-4-10,4,10,480,Libre,300000,39000000,0.4,23400000,,39
39-4-11,4,11,480,Libre,300000,39000000,0.4,23400000,,39
39-4-12,4,12,361.36,Libre,250000,32500000,0.4,19500000,,39
39-4-13,4,13,361.06,Libre,250000,32500000,0.4,19500000,,39
39-4-14,4,14,361.06,Libre,270000,35100000,0.4,21060000,,39
39-5-1,5,1,,Vendido,150000,19500000,0.4,11700000,,39
39-5-2,5,2,,Vendido,150000,19500000,0.4,11700000,,39
39-5-3,5,3,,Vendido,180000,23400000,0.4,14040000,,39
39-5-4,5,4,489.56,Cancelado,,0,0.4,0,,39
39-5-5,5,5,488.58,Cancelado,,0,0.4,0,,39
39-5-6,5,6,,Cancelado,,0,0.4,0,,39
39-5-7,5,7,486.63,Cancelado,,0,0.4,0,,39
39-5-8,5,8,,Vendido,,0,0.4,0,,39
39-5-9,5,9,,Vendido,,0,0.4,0,,39
39-5-10,5,10,,Vendido,,0,0.4,0,,39
39-5-11,5,11,482.72,Libre,220000,28600000,0.4,17160000,,39
39-5-12,5,12,,Vendido,,0,0.4,0,,39
39-5-13,5,13,,Libre,150000,19500000,0.4,11700000,,39
39-5-14,5,14,,Libre,150000,19500000,0.4,11700000,,39
39-6-1,6,1,,Vendido,,0,0.4,0,,39
39-6-2,6,2,,Vendido,,0,0.4,0,,39
39-6-3,6,3,,Vendido,,0,0.4,0,,39
39-6-4,6,4,,Vendido,,0,0.4,0,,39
39-6-5,6,5,480,Libre,220000,28600000,0.4,17160000,,39
39-6-6,6,6,480,Libre,220000,28600000,0.4,17160000,,39
39-6-7,6,7,480,Libre,220000,28600000,0.4,17160000,,39
39-6-8,6,8,,Vendido,,0,0.4,0,,39
39-6-9,6,9,,Vendido,,0,0.4,0,,39
39-6-10,6,10,,Vendido,,0,0.4,0,,39
39-6-11,6,11,,Vendido,,0,0.4,0,,39
39-6-12,6,12,,Vendido,,0,0.4,0,,39
39-6-13,6,13,,Vendido,,0,0.4,0,,39
39-6-14,6,14,,Vendido,,0,0.4,0,,39
39-7-1,7,1,,Vendido,,0,0.4,0,,39
39-7-2,7,2,501.14,Libre,250000,32500000,0.4,19500000,,39
39-7-3,7,3,500.16,Libre,250000,32500000,0.4,19500000,,39
39-7-4,7,4,499.18,Libre,250000,32500000,0.4,19500000,,39
39-7-5,7,5,498.2,Libre,250000,32500000,0.4,19500000,,39
39-7-6,7,6,497.23,Libre,250000,32500000,0.4,19500000,,39
39-7-7,7,7,496.25,Libre,250000,32500000,0.4,19500000,,39
39-7-8,7,8,,Vendido,,0,0.4,0,,39
39-7-9,7,9,,Vendido,,0,0.4,0,,39
39-7-10,7,10,,Vendido,,0,0.4,0,,39
39-8-1,8,1,480,Libre,280000,36400000,0.4,21840000,,39
39-8-2,8,2,480,Libre,250000,32500000,0.4,19500000,,39
39-8-3,8,3,480,Libre,250000,32500000,0.4,19500000,,39
39-8-4,8,4,480,Libre,250000,32500000,0.4,19500000,,39
39-8-5,8,5,480,Libre,250000,32500000,0.4,19500000,,39
39-8-6,8,6,480,Libre,250000,32500000,0.4,19500000,,39
39-8-7,8,7,480,Libre,250000,32500000,0.4,19500000,,39
39-8-8,8,8,,Vendido,,0,0.4,0,,39
39-8-9,8,9,,Libre,1500000,195000000,0.4,117000000,,39
39-8-10,8,10,,Vendido,,0,0.4,0,,39
39-9-1,,,,Edificio Publico,,0,,,,
39-9-2,,,,Plaza,,0,,,,
"040-RESIDENCIAL DERLIS JULIAN
",,,,,,,,,,
40-1-1,1,1,,Vendido,750000,97500000,0.4,39000000,,40
40-1-2,1,2,,Libre,700000,91000000,0.4,36400000,,40
40-1-3,1,3,,Libre,700000,91000000,0.4,36400000,,40
40-1-4,1,4,,Vendido,,0,0.4,0,,40
40-1-5,1,5,,Vendido,,0,0.4,0,,40
40-1-6,1,6,,Vendido,,0,0.4,0,,40
40-1-7,1,7,,Vendido,,0,0.4,0,,40
40-1-8,1,8,,Vendido,,0,0.4,0,,40
40-1-9,1,9,,Reserva de propietario,,0,0.4,0,,40
40-1-10,1,10,,Libre,750000,97500000,0.4,39000000,,40
40-1-11,1,11,,Vendido,,0,0.4,0,,40
40-1-12,1,12,,Vendido,,0,0.4,0,,40
40-1-13,1,13,,Vendido,,0,0.4,0,,40
40-1-14,1,14,,Vendido,,0,0.4,0,,40
40-1-15,1,15,,Vendido,,0,0.4,0,,40
40-1-16,1,16,,Vendido,,0,0.4,0,,40
40-1-17,1,17,,Vendido,,0,0.4,0,,40
40-1-18,1,18,,Vendido,750000,97500000,0.4,39000000,,40
40-1-19,1,19,,Libre,750000,97500000,0.4,39000000,,40
40-2-2,2,2,,Vendido,,0,0.4,0,,40
40-2-3,2,3,,Vendido,,0,0.4,0,,40
40-2-4,2,4,,Vendido,,0,0.4,0,,40
40-2-5,2,5,,Vendido,,0,0.4,0,,40
40-2-6,2,6,,Vendido,,0,0.4,0,,40
40-2-7,2,7,,Vendido,,0,0.4,0,,40
40-2-8,2,8,,Vendido,,0,0.4,0,,40
40-2-9,2,9,,Reserva de propietario,,0,0.4,0,,40
40-2-10,2,10,,Reserva de propietario,,0,0.4,0,,40
40-2-11,2,11,,Reserva de propietario,,0,0.4,0,,40
40-2-12,2,12,,Reserva de propietario,,0,0.4,0,,40
40-2-13,2,13,,Vendido,,0,0.4,0,,40
40-2-14,2,14,,Libre,990000,128700000,0.4,51480000,,40
40-2-15,2,15,,Vendido,,0,0.4,0,,40
40-2-16,2,16,,Vendido,,0,0.4,0,,40
40-2-17,2,17,,Vendido,,0,0.4,0,,40
40-2-18,2,18,,Libre,990000,128700000,0.4,51480000,,40
40-2-19,2,19,,Reserva de propietario,,0,0.4,0,,40
40-2-20,2,20,,Reserva de propietario,,0,0.4,0,,40
40-2-21,2,21,,Libre,990000,128700000,0.4,51480000,,40
40-2-22,2,22,,Vendido,,0,0.4,0,,40
40-2-23,2,23,,Vendido,,0,0.4,0,,40
40-2-24,2,24,,Vendido,,0,0.4,0,,40
40-P-1,P,1,,Plaza,,0,,,,
"041-RESIDENCIAL SAN AGUSTIN
",,,,,,,,,,
41-1-1,1,1,402.81,Libre,650000,84500000,0.4,50700000,,41
41-1-2,1,2,427.16,Vendido,,0,0.4,0,,41
41-1-3,1,3,443.17,Libre,600000,78000000,0.4,46800000,,41
41-1-4,1,4,452.91,Libre,600000,78000000,0.4,46800000,,41
41-1-5,1,5,403.35,Libre,600000,78000000,0.4,46800000,,41
41-1-6,1,6,403.34,Libre,550000,71500000,0.4,42900000,,41
41-1-7,1,7,403.34,Libre,550000,71500000,0.4,42900000,,41
41-1-8,1,8,403.34,Libre,550000,71500000,0.4,42900000,,41
41-1-9,1,9,403.34,Libre,550000,71500000,0.4,42900000,,41
41-1-10,1,10,639.08,Libre,650000,84500000,0.4,50700000,,41
41-2-1,2,1,407.18,Vendido,,0,0.4,0,,41
41-2-2,2,2,407.18,Vendido,,0,0.4,0,,41
41-2-3,2,3,407.18,Libre,500000,65000000,0.4,39000000,,41
41-2-4,2,4,407.18,Vendido,,0,0.4,0,,41
41-2-5,2,5,407.16,Vendido,,0,0.4,0,,41
41-2-6,2,6,360.72,Libre,450000,58500000,0.4,35100000,,41
41-2-7,2,7,360.72,Libre,450000,58500000,0.4,35100000,,41
41-2-8,2,8,360.72,Libre,450000,58500000,0.4,35100000,,41
41-2-9,2,9,360.72,Libre,450000,58500000,0.4,35100000,,41
41-2-10,2,10,360.72,Libre,480000,62400000,0.4,37440000,,41
41-2-11,2,11,360.72,Libre,480000,62400000,0.4,37440000,,41
41-2-12,2,12,360.72,Libre,480000,62400000,0.4,37440000,,41
41-2-13,2,13,360.72,Libre,480000,62400000,0.4,37440000,,41
41-3-1,3,1,,Reserva de propietario,,0,0.4,0,,41
41-3-2,3,2,,Reserva de propietario,,0,0.4,0,,41
41-3-3,3,3,369.39,Vendido,,0,0.4,0,,41
41-3-4,3,4,369.39,Vendido,,0,0.4,0,,41
41-3-5,3,5,,Reserva de propietario,,0,0.4,0,,41
41-3-6,3,6,,Reserva de propietario,,0,0.4,0,,41
41-3-7,3,7,,Reserva de propietario,,0,0.4,0,,41
41-3-8,3,8,,Reserva de propietario,,0,0.4,0,,41
41-3-9,3,9,,Reserva de propietario,,0,0.4,0,,41
41-3-10,3,10,,Reserva de propietario,,0,0.4,0,,41
41-3-11,3,11,,Reserva de propietario,,0,0.4,0,,41
41-3-12,3,12,,Reserva de propietario,,0,0.4,0,,41
41-3-13,3,13,,Reserva de propietario,,0,0.4,0,,41
41-3-14,3,14,,Reserva de propietario,,0,0.4,0,,41
41-4-1,4,1,370.28,Libre,480000,62400000,0.4,37440000,,41
41-4-2,4,2,370.29,Libre,450000,58500000,0.4,35100000,,41
41-4-3,4,3,514.83,Libre,550000,71500000,0.4,42900000,,41
41-4-4,4,4,360,Libre,400000,52000000,0.4,31200000,,41
41-4-5,4,5,360.72,Libre,400000,52000000,0.4,31200000,,41
41-4-6,4,6,360.72,Libre,400000,52000000,0.4,31200000,,41
41-4-7,4,7,360.72,Libre,400000,52000000,0.4,31200000,,41
41-4-8,4,8,372.37,Libre,400000,52000000,0.4,31200000,,41
41-4-9,4,9,373.89,Libre,420000,54600000,0.4,32760000,,41
41-4-10,4,10,360.72,Libre,420000,54600000,0.4,32760000,,41
41-4-11,4,11,360.72,Libre,420000,54600000,0.4,32760000,,41
41-4-12,4,12,360.72,Libre,420000,54600000,0.4,32760000,,41
41-4-13,4,13,364.15,Libre,420000,54600000,0.4,32760000,,41
41-5-1,5,1,360,Libre,420000,54600000,0.4,32760000,,41
41-5-2,5,2,360,Libre,400000,52000000,0.4,31200000,,41
41-5-3,5,3,360,Reserva de propietario,,0,0.4,0,,41
41-5-4,5,4,360,Libre,420000,54600000,0.4,32760000,,41
41-5-5,5,5,360,Libre,420000,54600000,0.4,32760000,,41
41-5-6,5,6,360,Libre,420000,54600000,0.4,32760000,,41
41-5-7,5,7,360,Libre,420000,54600000,0.4,32760000,,41
41-5-8,5,8,360,Libre,420000,54600000,0.4,32760000,,41
41-5-9,5,9,360,Libre,420000,54600000,0.4,32760000,,41
41-5-10,5,10,360,Libre,380000,49400000,0.4,29640000,,41
41-5-11,5,11,360,Libre,400000,52000000,0.4,31200000,,41
41-5-12,5,12,360,Libre,380000,49400000,0.4,29640000,,
41-5-13,5,13,360,Libre,380000,49400000,0.4,29640000,,41
41-5-14,5,14,360,Libre,380000,49400000,0.4,29640000,,41
41-5-15,5,15,360,Libre,380000,49400000,0.4,29640000,,41
41-5-16,5,16,360,Libre,380000,49400000,0.4,29640000,,41
41-6-1,6,1,,Plaza,,0,,0,,
41-6-2,6,2,,Edificio Publico,,0,,0,,
41-6-3,6,3,360,Vendido,380000,49400000,0.4,29640000,,41
41-6-4,6,4,360,Vendido,330000,42900000,0.4,25740000,,41
41-6-5,6,5,360,Vendido,350000,45500000,0.4,27300000,,41
41-7-1,7,1,360,Libre,350000,45500000,0.4,27300000,,41
41-7-2,7,2,360,Libre,320000,41600000,0.4,24960000,,41
41-7-3,7,3,360,Vendido,400000,52000000,0.4,31200000,,41
41-7-4,7,4,360,Libre,400000,52000000,0.4,31200000,,41
41-7-5,7,5,360,Libre,400000,52000000,0.4,31200000,,41
41-7-6,7,6,360,Libre,400000,52000000,0.4,31200000,,41
41-7-7,7,7,360,Libre,400000,52000000,0.4,31200000,,41
41-7-8,7,8,360,Libre,400000,52000000,0.4,31200000,,41
41-7-9,7,9,360,Libre,400000,52000000,0.4,31200000,,41
41-7-10,7,10,368.39,Libre,400000,52000000,0.4,31200000,,41
41-7-11,7,11,361.54,Libre,380000,49400000,0.4,29640000,,41
41-7-12,7,12,360,Libre,350000,45500000,0.4,27300000,,41
41-7-13,7,13,360,Libre,350000,45500000,0.4,27300000,,41
41-7-14,7,14,360,Libre,350000,45500000,0.4,27300000,,41
41-7-15,7,15,360,Libre,350000,45500000,0.4,27300000,,41
41-7-16,7,16,360,Libre,350000,45500000,0.4,27300000,,41
41-7-17,7,17,360,Libre,350000,45500000,0.4,27300000,,41
042-RESIDENCIAL ACCA 01,,,,,,,,,,
42-1-1,1,1,808.2,Libre,900000,117000000,0.4,70200000,,42
42-1-2,1,2,402.84,Vendido,,0,0.4,0,,42
42-1-3,1,3,1034.86,Libre,980000,127400000,0.4,76440000,,42
42-1-4,1,4,579.02,Vendido,,0,0.4,0,,42
42-1-5,1,5,,Vendido,350000,45500000,0.4,27300000,,42
42-2-1,2,1,476.5,Vendido,300000,39000000,0.4,23400000,,42
42-2-2,2,2,476.5,Vendido,,0,0.4,0,,42
42-2-3,2,3,476.49,Vendido,,0,0.4,0,,42
42-2-4,2,4,360,Vendido,,0,0.4,0,,42
42-2-5,2,5,360,Vendido,,0,0.4,0,,42
42-2-6,2,6,360,Vendido,280000,36400000,0.4,21840000,,42
42-2-7,2,7,360,Cancelado,280000,36400000,0.4,21840000,,42
42-2-8,2,8,360,Vendido,,0,0.4,0,,42
42-2-9,2,9,360,Vendido,,0,0.4,0,,42
42-2-10,2,10,360,Vendido,,0,0.4,0,,42
42-2-11,2,11,360,Vendido,280000,36400000,0.4,21840000,,42
42-2-12,2,12,360,Vendido,,0,0.4,0,,42
42-2-13,2,13,360,Vendido,280000,36400000,0.4,21840000,,42
42-2-14,2,14,360,Anulado,,0,0.4,0,,42
42-2-15,2,15,360,Vendido,280000,36400000,0.4,21840000,,42
42-3-1,3,1,427.04,Vendido,480000,62400000,0.4,37440000,,42
42-3-2,3,2,427.04,Vendido,,0,0.4,0,,42
42-3-3,3,3,427.04,Vendido,,0,0.4,0,,42
42-3-4,3,4,360,Vendido,,0,0.4,0,,42
42-3-5,3,5,360,Reserva de propietario,,0,0.4,0,,42
42-3-6,3,6,360,Vendido,,0,0.4,0,,42
42-3-7,3,7,360,Vendido,,0,0.4,0,,42
42-3-8,3,8,360,Vendido,450000,58500000,0.4,35100000,,42
42-3-9,3,9,360,Vendido,,0,0.4,0,,42
42-3-10,3,10,360,Vendido,,0,0.4,0,,42
42-3-11,3,11,360,Reserva de propietario,,0,0.4,0,,42
42-3-12,3,12,360,Vendido,,0,0.4,0,,42
42-3-13,3,13,360,Vendido,,0,0.4,0,,42
42-3-14,3,14,360,Reserva de propietario,,0,0.4,0,,42
42-3-15,3,15,360,Reserva de propietario,,0,0.4,0,,42
42-4-1,4,1,377.58,Vendido,,0,0.4,0,,42
42-4-2,4,2,377.58,Vendido,,0,0.4,0,,42
42-4-3,4,3,377.58,Vendido,,0,0.4,0,,42
42-4-4,4,4,360,Vendido,,0,0.4,0,,42
42-4-5,4,5,360,Vendido,550000,71500000,0.4,42900000,,42
42-4-6,4,6,360,Vendido,550000,71500000,0.4,42900000,,42
42-4-7,4,7,360,Vendido,550000,71500000,0.4,42900000,,42
42-4-8,4,8,360,Vendido,550000,71500000,0.4,42900000,,42
42-4-9,4,9,360,Libre,550000,71500000,0.4,42900000,,42
42-4-10,4,10,360,Vendido,500000,65000000,0.4,39000000,,42
42-4-11,4,11,360,Vendido,500000,65000000,0.4,39000000,,42
42-4-12,4,12,360,Vendido,500000,65000000,0.4,39000000,,42
42-4-13,4,13,360,Vendido,500000,65000000,0.4,39000000,,42
42-4-14,4,14,360,Vendido,500000,65000000,0.4,39000000,,42
42-4-15,4,15,360,Vendido,500000,65000000,0.4,39000000,,42
42-5-1,5,1,418.77,Vendido,,0,0.4,0,,42
42-5-2,5,2,418.77,Vendido,,0,0.4,0,,42
42-5-3,5,3,433.41,Vendido,,0,0.4,0,,42
42-5-4,5,4,433.41,Vendido,600000,78000000,0.4,46800000,,42
42-5-5,5,5,,Vendido,500000,65000000,0.4,39000000,,42
42-5-6,5,6,360,Libre,500000,65000000,0.4,39000000,,42
42-5-7,5,7,360,Libre,500000,65000000,0.4,39000000,,42
42-5-8,5,8,360,Libre,500000,65000000,0.4,39000000,,42
42-5-9,5,9,360,Vendido,500000,65000000,0.4,39000000,,42
42-5-10,5,10,,Vendido,,0,0.4,0,,42
42-5-11,5,11,360,Vendido,,0,0.4,0,,42
42-5-12,5,12,360,Vendido,,0,0.4,0,,42
42-5-13,5,13,360,Vendido,,0,0.4,0,,42
42-5-14,5,14,360,Vendido,,0,0.4,0,,42
42-6-1,6,1,381.68,Vendido,600000,78000000,0.4,46800000,,42
42-6-2,6,2,381.67,Vendido,550000,71500000,0.4,42900000,,42
42-6-3,6,3,396.32,Libre,550000,71500000,0.4,42900000,,42
42-6-4,6,4,396.32,Vendido,,0,0.4,0,,42
42-6-5,6,5,360,Vendido,500000,65000000,0.4,39000000,,42
42-6-6,6,6,360,Libre,500000,65000000,0.4,39000000,,42
42-6-7,6,7,360,Vendido,500000,65000000,0.4,39000000,,42
42-6-8,6,8,360,Vendido,,0,0.4,0,,42
42-6-9,6,9,360,Vendido,,0,0.4,0,,42
42-6-10,6,10,360,Vendido,,0,0.4,0,,42
42-6-11,6,11,360,Vendido,,0,0.4,0,,42
42-6-12,6,12,360,Vendido,,0,0.4,0,,42
42-6-13,6,13,360,Vendido,500000,65000000,0.4,39000000,,42
42-6-14,6,14,360,Vendido,500000,65000000,0.4,39000000,,42
42-7-1,7,1,469.2,Vendido,400000,52000000,0.4,31200000,,42
42-7-2,7,2,469.2,Vendido,,0,0.4,0,,42
42-7-3,7,3,469.21,Vendido,,0,0.4,0,,42
42-7-4,7,4,360,Vendido,,0,0.4,0,,42
42-7-5,7,5,360,Vendido,,0,0.4,0,,42
42-7-6,7,6,360,Vendido,,0,0.4,0,,42
42-7-7,7,7,360,Vendido,,0,0.4,0,,42
42-7-8,7,8,360,Vendido,,0,0.4,0,,42
42-7-9,7,9,360,Vendido,,0,0.4,0,,42
42-7-10,7,10,,Vendido,,0,0.4,0,,42
42-7-11,7,11,360,Vendido,,0,0.4,0,,42
42-7-12,7,12,360,Vendido,,0,0.4,0,,42
42-7-13,7,13,360,Vendido,,0,0.4,0,,42
42-8-1,8,1,419.74,Vendido,,0,0.4,0,,42
42-8-2,8,2,419.74,Vendido,,0,0.4,0,,42
42-8-3,8,3,419.75,Vendido,,0,0.4,0,,42
42-8-4,8,4,360,Vendido,,0,0.4,0,,42
42-8-5,8,5,360,Vendido,,0,0.4,0,,42
42-8-6,8,6,360,Vendido,,0,0.4,0,,42
42-8-7,8,7,360,Vendido,,0,0.4,0,,42
42-8-8,8,8,360,Vendido,,0,0.4,0,,42
42-8-9,8,9,360,Vendido,,0,0.4,0,,42
42-8-10,8,10,360,Vendido,,0,0.4,0,,42
42-8-11,8,11,360,Vendido,,0,0.4,0,,42
42-8-12,8,12,360,Vendido,,0,0.4,0,,42
42-8-13,8,13,360,Vendido,,0,0.4,0,,42
42-9-1,9,1,,Plaza,,0,,,,
043-RESIDENCIAL VALENTINA,,,,,,,,,,
43-1-1,1,1,432.45,Vendido,1150000,149500000,0.5,74750000,,43
43-1-2,1,2,432.36,Vendido,1150000,149500000,0.5,74750000,,43
43-1-3,1,3,375.53,Vendido,700000,91000000,0.5,45500000,,43
43-1-4,1,4,371.22,Cancelado,700000,91000000,0.5,45500000,,43
43-1-5,1,5,366.92,Vendido,700000,91000000,0.5,45500000,,43
43-1-6,1,6,362.59,Vendido,700000,91000000,0.5,45500000,,43
43-2-1,2,1,368.61,Cancelado,1150000,149500000,0.5,74750000,,43
43-2-2,2,2,368.61,Cancelado,1150000,149500000,0.5,74750000,,43
43-2-3,2,3,368.61,Vendido,1150000,149500000,0.5,74750000,,43
43-2-4,2,4,368.61,Vendido,1150000,149500000,0.5,74750000,,43
43-2-5,2,5,368.61,Vendido,1150000,149500000,0.5,74750000,,43
43-2-6,2,6,360.08,Vendido,700000,91000000,0.5,45500000,,43
43-2-7,2,7,360.08,Libre,700000,91000000,0.5,45500000,,43
43-2-8,2,8,360.08,Libre,700000,91000000,0.5,45500000,,43
43-2-9,2,9,360.08,Libre,700000,91000000,0.5,45500000,,43
43-2-10,2,10,360.08,Libre,700000,91000000,0.5,45500000,,43
43-2-11,2,11,360.08,Libre,700000,91000000,0.5,45500000,,43
43-2-12,2,12,360.08,Libre,700000,91000000,0.5,45500000,,43
43-2-13,2,13,360.08,Libre,700000,91000000,0.5,45500000,,43
43-2-14,2,14,360.08,Reserva de propietario,,0,0.5,0,,43
43-2-15,2,15,360.08,Cancelado,700000,91000000,0.5,45500000,,43
43-2-16,2,16,360.08,Cancelado,700000,91000000,0.5,45500000,,43
43-2-17,2,17,360.08,Vendido,700000,91000000,0.5,45500000,,43
43-2-18,2,18,360.08,Vendido,700000,91000000,0.5,45500000,,43
43-2-19,2,19,360.08,Vendido,700000,91000000,0.5,45500000,,43
43-2-20,2,20,360.08,Vendido,700000,91000000,0.5,45500000,,43
43-2-21,2,21,360.08,Vendido,700000,91000000,0.5,45500000,,43
43-3-1,3,1,460.87,Vendido,1150000,149500000,0.5,74750000,,43
43-3-2,3,2,460.66,Vendido,1150000,149500000,0.5,74750000,,43
43-3-3,3,3,360.08,Vendido,700000,91000000,0.5,45500000,,43
43-3-4,3,4,360.08,Libre,700000,91000000,0.5,45500000,,43
43-3-5,3,5,360.08,Libre,700000,91000000,0.5,45500000,,43
43-3-6,3,6,360.08,Libre,700000,91000000,0.5,45500000,,43
43-3-7,3,7,360.08,Libre,650000,84500000,0.5,42250000,,43
43-3-8,3,8,360.08,Libre,650000,84500000,0.5,42250000,,43
43-3-9,3,9,360.08,Libre,650000,84500000,0.5,42250000,,43
43-3-10,3,10,360.08,Libre,650000,84500000,0.5,42250000,,43
43-1-7,,,,Plaza,,0,,,,
044-FLORES DE KO E PYTA,,,,,,,,,,
44-1-1,1,1,428.18,Libre,650000,84500000,,,,
44-1-2,1,2,367.63,Libre,600000,78000000,,,,
44-1-3,1,3,367.63,Libre,600000,78000000,,,,
44-1-4,1,4,367.63,Libre,600000,78000000,,,,
44-1-5,1,5,367.63,Libre,600000,78000000,,,,
44-1-6,1,6,367.63,Libre,600000,78000000,,,,
44-1-7,1,7,367.63,Libre,600000,78000000,,,,
44-1-8,1,8,367.63,Libre,650000,84500000,,,,
44-1-9,1,9,367.58,Libre,600000,78000000,,,,
44-1-10,1,10,367.57,Libre,550000,71500000,,,,
44-1-11,1,11,367.57,Libre,550000,71500000,,,,
44-1-12,1,12,367.57,Libre,550000,71500000,,,,
44-1-13,1,13,367.57,Libre,550000,71500000,,,,
44-1-14,1,14,367.57,Libre,550000,71500000,,,,
44-1-15,1,15,367.57,Libre,550000,71500000,,,,
44-1-16,1,16,549.2,Libre,600000,78000000,,,,
44-2-1,2,1,542.61,Libre,600000,78000000,,,,
44-2-2,2,2,396.16,Libre,500000,65000000,,,,
44-2-3,2,3,396.16,Libre,500000,65000000,,,,
44-2-4,2,4,396.16,Libre,500000,65000000,,,,
44-2-5,2,5,396.16,Libre,500000,65000000,,,,
44-2-6,2,6,396.16,Libre,500000,65000000,,,,
44-2-7,2,7,396.16,Libre,500000,65000000,,,,
44-2-8,2,8,396.16,Libre,500000,65000000,,,,
44-2-9,2,9,396.16,Libre,500000,65000000,,,,
44-2-10,2,10,396.16,Libre,500000,65000000,,,,
44-2-11,2,11,396.16,Libre,550000,71500000,,,,
44-3-1,3,1,367.63,Vendido,600000,78000000,,,,
44-3-2,3,2,367.63,Vendido,550000,71500000,,,,
44-3-3,3,3,367.63,Libre,550000,71500000,,,,
44-3-4,3,4,367.63,Libre,550000,71500000,,,,
44-3-5,3,5,367.63,Libre,550000,71500000,,,,
44-3-6,3,6,367.63,Libre,550000,71500000,,,,
44-3-7,3,7,367.63,Libre,550000,71500000,,,,
44-3-8,3,8,367.63,Libre,600000,78000000,,,,
44-3-9,3,9,367.58,Libre,550000,71500000,,,,
44-3-10,3,10,367.58,Libre,500000,65000000,,,,
44-3-11,3,11,367.57,Libre,500000,65000000,,,,
44-3-12,3,12,367.57,Libre,500000,65000000,,,,
44-3-13,3,13,367.57,Libre,500000,65000000,,,,
44-3-14,3,14,367.57,Libre,500000,65000000,,,,
44-3-15,3,15,367.57,Libre,500000,65000000,,,,
44-3-16,3,16,367.57,Libre,550000,71500000,,,,
44-4-1,4,1,396.16,Libre,500000,65000000,,,,
44-4-2,4,2,396.16,Libre,450000,58500000,,,,
44-4-3,4,3,396.16,Libre,450000,58500000,,,,
44-4-4,4,4,396.16,Libre,450000,58500000,,,,
44-4-5,4,5,396.16,Libre,450000,58500000,,,,
44-4-6,4,6,396.16,Libre,450000,58500000,,,,
44-4-7,4,7,396.16,Libre,450000,58500000,,,,
44-4-8,4,8,396.16,Libre,450000,58500000,,,,
44-4-9,4,9,396.16,Libre,450000,58500000,,,,
44-4-10,4,10,396.16,Libre,500000,65000000,,,,
44-5-1,5,1,367.63,Libre,550000,71500000,,,,
44-5-2,5,2,367.63,Libre,500000,65000000,,,,
44-5-3,5,3,367.63,Libre,500000,65000000,,,,
44-5-4,5,4,,Plaza,,,,,,
44-5-5,5,5,367.63,Libre,500000,65000000,,,,
44-5-6,5,6,367.63,Vendido,500000,65000000,,,,
44-5-7,5,7,367.63,Vendido,550000,71500000,,,,
44-5-8,5,8,367.58,Libre,500000,65000000,,,,
44-5-9,5,9,367.58,Libre,450000,58500000,,,,
44-5-10,5,10,367.57,Libre,450000,58500000,,,,
44-5-11,5,11,367.57,Libre,450000,58500000,,,,
44-5-12,5,12,367.57,Libre,450000,58500000,,,,
44-5-13,5,13,367.57,Libre,500000,65000000,,,,
44-6-1,6,1,396.16,Libre,450000,58500000,,,,
44-6-2,6,2,396.16,Libre,400000,52000000,,,,
44-6-3,6,3,396.16,Libre,400000,52000000,,,,
44-6-4,6,4,396.16,Libre,400000,52000000,,,,
44-6-5,6,5,,Plaza,,,,,,
44-6-6,6,6,396.16,Libre,400000,52000000,,,,
44-6-7,6,7,396.16,Libre,400000,52000000,,,,
44-6-8,6,8,396.16,Libre,400000,52000000,,,,
44-6-9,6,9,396.16,Libre,450000,58500000,,,,
44-7-1,7,1,367.63,Libre,500000,65000000,,,,
44-7-2,7,2,367.63,Libre,450000,58500000,,,,
44-7-3,7,3,367.63,Libre,450000,58500000,,,,
44-7-4,7,4,367.63,Libre,450000,58500000,,,,
44-7-5,7,5,367.63,Libre,450000,58500000,,,,
44-7-6,7,6,367.63,Libre,450000,58500000,,,,
44-7-7,7,7,367.63,Libre,450000,58500000,,,,
44-7-8,7,8,367.63,Vendido,500000,65000000,,,,
44-7-9,7,9,367.58,Libre,450000,58500000,,,,
44-7-10,7,10,367.58,Libre,400000,52000000,,,,
44-7-11,7,11,367.57,Libre,400000,52000000,,,,
44-7-12,7,12,367.57,Libre,400000,52000000,,,,
44-7-13,7,13,367.57,Libre,400000,52000000,,,,
44-7-14,7,14,367.57,Libre,400000,52000000,,,,
44-7-15,7,15,367.57,Libre,400000,52000000,,,,
44-7-16,7,16,367.57,Libre,450000,58500000,,,,
44-8-1,8,1,396.16,Libre,400000,52000000,,,,
44-8-2,8,2,396.16,Vendido,350000,45500000,,,,
44-8-3,8,3,396.16,Vendido,350000,45500000,,,,
44-8-4,8,4,396.16,Libre,350000,45500000,,,,
44-8-5,8,5,396.16,Libre,350000,45500000,,,,
44-8-6,8,6,396.16,Libre,350000,45500000,,,,
44-8-7,8,7,396.16,Libre,350000,45500000,,,,
44-8-8,8,8,396.16,Libre,350000,45500000,,,,
44-8-9,8,9,396.16,Libre,350000,45500000,,,,
44-8-10,8,10,396.16,Libre,400000,52000000,,,,
44-9-1,9,1,367.63,Vendido,450000,58500000,,,,
44-9-2,9,2,367.63,Vendido,400000,52000000,,,,
44-9-3,9,3,367.63,Vendido,400000,52000000,,,,
44-9-4,9,4,367.63,Vendido,400000,52000000,,,,
44-9-5,9,5,367.63,Vendido,400000,52000000,,,,
44-9-6,9,6,367.63,Vendido,400000,52000000,,,,
44-9-7,9,7,367.63,Vendido,400000,52000000,,,,
44-9-8,9,8,367.63,Vendido,450000,58500000,,,,
44-9-9,9,9,367.58,Vendido,400000,52000000,,,,
44-9-10,9,10,367.58,Libre,350000,45500000,,,,
44-9-11,9,11,367.57,Libre,350000,45500000,,,,
44-9-12,9,12,367.57,Libre,350000,45500000,,,,
44-9-13,9,13,367.57,Libre,350000,45500000,,,,
44-9-14,9,14,367.57,Libre,350000,45500000,,,,
44-9-15,9,15,367.57,Libre,350000,45500000,,,,
44-9-16,9,16,367.57,Libre,400000,52000000,,,,
44-10-1,10,1,396.16,Vendido,360000,46800000,,,,
44-10-2,10,2,396.16,Libre,300000,39000000,,,,
44-10-3,10,3,396.16,Libre,300000,39000000,,,,
44-10-4,10,4,396.16,Libre,300000,39000000,,,,
44-10-5,10,5,396.16,Libre,300000,39000000,,,,
44-10-6,10,6,396.16,Libre,300000,39000000,,,,
44-10-7,10,7,396.16,Libre,300000,39000000,,,,
44-10-8,10,8,396.16,Libre,300000,39000000,,,,
44-10-9,10,9,396.16,Libre,300000,39000000,,,,
44-10-10,10,10,396.16,Libre,350000,45500000,,,,
44-11-1,11,1,367.63,Vendido,400000,52000000,,,,
44-11-2,11,2,,Plaza,,,,,,
44-11-3,11,3,367.63,Vendido,350000,45500000,,,,
44-11-4,11,4,367.63,Vendido,350000,45500000,,,,
44-11-5,11,5,415.52,Vendido,400000,52000000,,,,
44-11-6,11,6,394.29,Vendido,300000,39000000,,,,
44-11-7,11,7,382.15,Libre,350000,45500000,,,,
44-11-8,11,8,367.57,Libre,300000,39000000,,,,
44-11-9,11,9,367.57,Vendido,300000,39000000,,,,
44-11-10,11,10,367.57,Vendido,350000,45500000,,,,
44-12-1,12,1,396.16,Vendido,350000,45500000,,,,
44-12-2,12,2,,Plaza,,,,,,
44-12-3,12,3,396.16,Libre,300000,39000000,,,,
44-12-4,12,4,396.16,Vendido,300000,39000000,,,,
44-12-5,12,5,495.57,Vendido,300000,45500000,,,,
